"Date","Close","Open","High","Low","Volume","Change"
"01.03.2025","85.209,5","84.353,4","86.546,3","83.837,3","91,37K","0,98%"
"28.02.2025","84.381,2","84.713,3","85.028,7","78.329,8","186,90K","-0,39%"
"27.02.2025","84.714,6","84.204,6","87.013,9","82.723,5","116,14K","0,60%"
"26.02.2025","84.212,7","88.675,0","89.375,3","82.332,9","145,33K","-5,04%"
"25.02.2025","88.686,0","91.510,4","92.523,1","86.097,5","195,29K","-3,08%"
"24.02.2025","91.508,5","96.261,0","96.497,9","91.378,5","96,46K","-4,93%"
"23.02.2025","96.258,8","96.556,2","96.655,2","95.259,5","38,82K","-0,31%"
"22.02.2025","96.556,1","96.158,3","96.930,8","95.801,1","45,62K","0,42%"
"21.02.2025","96.155,6","98.310,3","99.473,4","94.903,6","104,28K","-2,19%"
"20.02.2025","98.310,3","96.645,2","98.721,6","96.441,9","61,84K","1,72%"
"19.02.2025","96.644,8","95.663,7","96.829,6","95.049,1","58,27K","1,05%"
"18.02.2025","95.638,0","95.781,5","96.645,1","93.403,4","74,09K","-0,15%"
"17.02.2025","95.781,3","96.120,2","97.002,3","95.222,0","58,40K","-0,36%"
"16.02.2025","96.132,1","97.573,1","97.706,5","96.060,2","33,35K","-1,48%"
"15.02.2025","97.573,4","97.504,4","97.973,2","97.210,8","29,65K","0,07%"
"14.02.2025","97.504,6","96.611,6","98.817,3","96.316,5","65,37K","0,93%"
"13.02.2025","96.610,2","97.874,7","98.079,6","95.295,4","66,76K","-1,30%"
"12.02.2025","97.881,3","95.777,2","98.095,8","94.110,7","87,21K","2,20%"
"11.02.2025","95.771,7","97.434,7","98.476,5","94.902,7","69,89K","-1,71%"
"10.02.2025","97.434,7","96.469,2","98.311,6","95.307,7","71,43K","1,00%"
"09.02.2025","96.469,2","96.448,4","97.297,8","94.750,4","48,38K","0,02%"
"08.02.2025","96.447,9","96.513,5","96.862,8","95.716,1","38,99K","-0,07%"
"07.02.2025","96.513,5","96.564,8","100.133,9","95.693,7","97,60K","-0,06%"
"06.02.2025","96.568,8","96.606,3","99.119,2","95.706,6","76,92K","-0,03%"
"05.02.2025","96.595,3","97.784,8","99.028,3","96.163,8","82,92K","-1,23%"
"04.02.2025","97.793,4","101.339,7","101.692,9","96.190,5","117,35K","-3,50%"
"03.02.2025","101.337,1","97.686,0","102.372,2","91.695,8","190,81K","3,74%"
"02.02.2025","97.684,9","100.647,1","101.451,0","96.250,2","99,36K","-2,94%"
"01.02.2025","100.648,0","102.421,3","102.770,8","100.293,5","47,48K","-1,73%"
"31.01.2025","102.424,2","104.726,9","105.876,3","101.576,0","82,79K","-2,20%"
"30.01.2025","104.726,9","103.723,0","106.409,1","103.388,4","74,84K","0,97%"
"29.01.2025","103.722,0","101.342,1","104.760,0","101.340,6","74,38K","2,34%"
"28.01.2025","101.349,3","102.085,2","103.584,1","100.288,0","74,69K","-0,73%"
"27.01.2025","102.091,7","102.618,3","103.234,8","97.987,5","146,38K","-0,53%"
"26.01.2025","102.637,8","104.743,8","105.399,8","102.543,8","32,18K","-2,01%"
"25.01.2025","104.742,9","104.861,4","105.255,6","104.133,9","37,68K","-0,11%"
"24.01.2025","104.862,3","103.913,6","107.102,2","102.760,0","83,96K","0,91%"
"23.01.2025","103.912,1","103.681,3","106.806,5","101.281,6","141,80K","0,22%"
"22.01.2025","103.684,8","106.157,2","106.266,2","103.354,4","77,56K","-2,33%"
"21.01.2025","106.157,2","102.190,2","107.211,9","100.192,5","129,36K","3,87%"
"20.01.2025","102.197,7","101.313,3","109.228,6","99.676,0","202,66K","0,87%"
"19.01.2025","101.319,5","104.536,8","106.338,2","99.742,7","123,72K","-3,08%"
"18.01.2025","104.536,9","104.084,7","104.953,1","102.297,0","79,30K","0,43%"
"17.01.2025","104.084,9","99.991,9","105.843,8","99.956,2","127,33K","4,08%"
"16.01.2025","100.004,5","100.499,9","100.812,4","97.400,2","87,08K","-0,49%"
"15.01.2025","100.499,8","96.547,4","100.671,0","96.501,9","95,32K","4,10%"
"14.01.2025","96.542,1","94.536,7","97.361,2","94.359,5","87,79K","2,12%"
"13.01.2025","94.534,3","94.540,5","95.906,9","89.664,8","115,20K","0,00%"
"12.01.2025","94.533,6","94.598,0","95.383,2","93.736,6","31,61K","-0,07%"
"11.01.2025","94.596,7","94.724,0","95.009,4","93.847,8","29,16K","-0,13%"
"10.01.2025","94.724,1","92.540,5","95.760,6","92.310,6","125,42K","2,36%"
"09.01.2025","92.539,8","95.066,6","95.323,1","91.241,9","132,78K","-2,66%"
"08.01.2025","95.066,6","96.938,2","97.266,4","92.716,6","100,36K","-1,92%"
"07.01.2025","96.929,8","102.247,9","102.678,2","96.201,3","99,77K","-5,20%"
"06.01.2025","102.248,7","98.373,2","102.474,5","97.932,3","86,73K","3,97%"
"05.01.2025","98.347,7","98.220,1","98.823,1","97.300,0","31,34K","0,13%"
"04.01.2025","98.219,9","98.168,9","98.742,6","97.568,9","36,56K","0,05%"
"03.01.2025","98.167,5","96.960,2","98.963,3","96.090,6","61,62K","1,25%"
"02.01.2025","96.960,0","94.561,1","97.808,0","94.381,2","76,13K","2,54%"
"01.01.2025","94.560,2","93.557,3","95.100,0","92.939,3","43,34K","1,07%"
"31.12.2024","93.557,2","92.777,2","96.163,4","92.036,2","74,85K","0,84%"
"30.12.2024","92.779,8","93.718,7","94.936,4","91.522,3","112,43K","-1,00%"
"29.12.2024","93.716,3","95.282,6","95.315,4","93.026,7","47,71K","-1,65%"
"28.12.2024","95.284,5","94.274,9","95.684,3","94.124,7","32,97K","1,07%"
"27.12.2024","94.275,9","95.776,4","97.243,3","93.472,8","85,12K","-1,57%"
"26.12.2024","95.777,7","99.389,4","99.922,5","95.193,3","74,60K","-3,64%"
"25.12.2024","99.391,3","98.661,9","99.514,1","97.651,9","39,80K","0,73%"
"24.12.2024","98.668,1","94.852,8","99.446,6","93.566,2","69,86K","4,02%"
"23.12.2024","94.852,1","95.184,8","96.517,8","92.543,2","133,24K","-0,35%"
"22.12.2024","95.183,8","97.281,6","97.422,2","94.265,2","100,64K","-2,13%"
"21.12.2024","97.253,3","97.799,1","99.531,9","96.478,6","123,36K","-0,55%"
"20.12.2024","97.795,7","97.468,3","98.178,2","92.301,9","221,18K","0,34%"
"19.12.2024","97.466,1","100.190,5","102.778,8","95.672,2","200,57K","-2,73%"
"18.12.2024","100.197,8","106.140,7","106.477,6","100.049,3","187,49K","-5,60%"
"17.12.2024","106.138,9","106.053,4","108.244,9","105.350,6","149,37K","0,08%"
"16.12.2024","106.057,6","104.479,2","107.767,6","103.351,7","232,66K","1,55%"
"15.12.2024","104.443,0","101.417,9","105.120,9","101.234,9","133,99K","2,98%"
"14.12.2024","101.417,7","101.423,7","102.633,0","100.626,3","105,31K","-0,01%"
"13.12.2024","101.426,2","100.008,3","101.891,2","99.214,2","162,40K","1,42%"
"12.12.2024","100.009,9","101.126,3","102.495,3","99.334,5","188,96K","-1,10%"
"11.12.2024","101.126,2","96.603,2","101.877,1","95.689,5","250,02K","4,69%"
"10.12.2024","96.600,3","97.311,5","98.237,8","94.304,5","271,45K","-0,78%"
"09.12.2024","97.359,4","101.129,7","101.198,6","94.395,8","321,01K","-3,72%"
"08.12.2024","101.115,8","99.837,0","101.339,9","98.713,9","128,93K","1,28%"
"07.12.2024","99.837,0","99.757,2","100.441,8","98.969,0","118,44K","0,08%"
"06.12.2024","99.760,7","96.968,9","101.908,5","96.452,0","213,49K","2,88%"
"05.12.2024","96.970,8","98.624,8","103.719,4","92.510,4","245,79K","-1,69%"
"04.12.2024","98.635,8","95.900,1","99.030,7","94.625,3","113,77K","2,85%"
"03.12.2024","95.898,7","95.843,9","96.245,0","93.646,1","95,08K","0,05%"
"02.12.2024","95.846,6","97.199,3","98.082,0","94.510,6","95,80K","-1,39%"
"01.12.2024","97.201,4","96.404,7","97.813,9","95.721,8","42,90K","0,83%"
"30.11.2024","96.405,7","97.438,5","97.461,9","96.119,6","36,92K","-1,06%"
"29.11.2024","97.438,0","95.645,6","98.599,8","95.405,7","76,54K","1,87%"
"28.11.2024","95.645,5","95.881,4","96.549,0","94.648,8","68,17K","-0,25%"
"27.11.2024","95.886,6","91.975,5","97.219,8","91.795,5","106,39K","4,25%"
"26.11.2024","91.977,6","93.046,5","94.978,8","90.817,2","131,88K","-1,17%"
"25.11.2024","93.064,4","97.948,8","98.872,4","92.875,3","124,98K","-4,97%"
"24.11.2024","97.935,2","97.696,4","98.552,6","95.765,4","77,04K","0,24%"
"23.11.2024","97.699,0","98.927,2","98.927,2","97.180,9","72,17K","-1,24%"
"22.11.2024","98.929,7","98.381,2","99.617,4","97.182,2","132,23K","0,56%"
"21.11.2024","98.374,5","94.308,7","98.937,2","94.063,8","179,07K","4,32%"
"20.11.2024","94.303,9","92.252,6","94.836,1","91.517,4","121,46K","2,24%"
"19.11.2024","92.239,2","90.482,1","93.918,5","90.378,7","146,04K","1,95%"
"18.11.2024","90.478,7","89.843,3","92.567,1","89.410,4","150,47K","0,72%"
"17.11.2024","89.833,7","90.569,4","91.441,6","88.736,1","81,24K","-0,78%"
"16.11.2024","90.539,1","91.035,3","91.748,9","90.079,0","79,82K","-0,56%"
"15.11.2024","91.046,5","87.297,2","91.833,1","87.118,8","158,19K","4,30%"
"14.11.2024","87.294,0","90.424,8","91.726,7","86.740,2","153,34K","-3,46%"
"13.11.2024","90.422,2","87.971,2","93.226,6","86.168,4","257,57K","2,82%"
"12.11.2024","87.941,3","88.665,0","89.929,6","85.122,2","288,68K","-0,82%"
"11.11.2024","88.664,1","80.389,0","89.519,0","80.231,8","254,04K","10,29%"
"10.11.2024","80.388,5","76.681,4","81.373,5","76.520,5","193,83K","4,81%"
"09.11.2024","76.700,3","76.506,1","76.904,0","75.732,5","72,97K","0,24%"
"08.11.2024","76.517,3","75.869,8","77.188,5","75.599,0","155,17K","0,85%"
"07.11.2024","75.868,6","75.585,5","76.837,8","74.448,2","184,16K","0,37%"
"06.11.2024","75.586,3","69.374,1","76.401,4","69.323,0","357,28K","8,96%"
"05.11.2024","69.373,7","67.848,3","70.495,6","67.473,6","108,95K","2,25%"
"04.11.2024","67.848,8","68.770,3","69.483,4","66.834,0","101,31K","-1,34%"
"03.11.2024","68.769,6","69.334,8","69.383,6","67.514,2","83,16K","-0,80%"
"02.11.2024","69.325,8","69.499,3","69.896,9","69.029,0","38,72K","-0,26%"
"01.11.2024","69.507,2","70.278,7","71.598,4","68.846,0","130,46K","-1,10%"
"31.10.2024","70.281,8","72.343,7","72.685,7","69.674,5","111,29K","-2,86%"
"30.10.2024","72.347,8","72.732,5","72.907,4","71.460,0","99,05K","-0,53%"
"29.10.2024","72.730,4","69.957,2","73.569,4","69.753,2","168,60K","3,97%"
"28.10.2024","69.954,1","68.011,9","70.203,4","67.610,0","103,97K","2,87%"
"27.10.2024","68.004,6","67.084,7","68.308,0","66.924,6","33,58K","1,37%"
"26.10.2024","67.086,8","66.694,5","67.408,4","66.443,8","42,05K","0,58%"
"25.10.2024","66.696,8","68.191,9","68.756,8","65.644,2","110,51K","-2,19%"
"24.10.2024","68.191,5","66.659,2","68.831,8","66.510,6","82,78K","2,29%"
"23.10.2024","66.663,7","67.428,6","67.441,1","65.246,7","84,99K","-1,13%"
"22.10.2024","67.427,3","67.370,8","67.815,3","66.609,4","86,76K","0,08%"
"21.10.2024","67.371,3","69.030,5","69.490,8","66.845,5","109,28K","-2,40%"
"20.10.2024","69.030,5","68.373,3","69.386,4","67.443,9","44,92K","0,96%"
"19.10.2024","68.372,0","68.426,4","68.688,8","68.025,5","33,29K","-0,07%"
"18.10.2024","68.423,1","67.416,5","68.990,3","67.190,9","99,20K","1,49%"
"17.10.2024","67.418,4","67.618,1","67.933,5","66.677,3","84,68K","-0,30%"
"16.10.2024","67.617,9","67.075,1","68.389,4","66.766,6","98,30K","0,81%"
"15.10.2024","67.077,5","66.084,1","67.821,9","64.850,6","136,72K","1,51%"
"14.10.2024","66.081,7","62.870,7","66.476,6","62.463,7","122,09K","5,11%"
"13.10.2024","62.870,9","63.205,4","63.284,6","62.054,2","42,26K","-0,53%"
"12.10.2024","63.205,1","62.506,6","63.463,1","62.486,1","40,91K","1,13%"
"11.10.2024","62.499,4","60.317,5","63.385,1","60.080,6","86,38K","3,62%"
"10.10.2024","60.316,2","60.628,9","61.304,6","59.075,7","83,86K","-0,52%"
"09.10.2024","60.628,8","62.157,0","62.537,0","60.355,5","68,79K","-2,46%"
"08.10.2024","62.157,0","62.226,9","63.196,6","61.883,2","63,75K","-0,14%"
"07.10.2024","62.245,6","62.819,8","64.449,3","62.175,8","86,27K","-0,91%"
"06.10.2024","62.819,4","62.062,0","62.934,5","61.495,4","31,72K","1,22%"
"05.10.2024","62.061,4","62.085,5","62.366,8","61.705,7","30,15K","-0,03%"
"04.10.2024","62.081,0","60.751,4","62.471,7","60.469,3","72,71K","2,19%"
"03.10.2024","60.751,2","60.642,0","61.468,9","59.904,4","82,43K","0,17%"
"02.10.2024","60.645,7","60.834,2","62.339,8","60.002,7","98,94K","-0,31%"
"01.10.2024","60.835,5","63.329,9","64.125,3","60.195,9","134,93K","-3,95%"
"30.09.2024","63.339,2","65.607,0","65.607,0","62.901,1","101,70K","-3,46%"
"29.09.2024","65.607,1","65.862,8","66.065,7","65.436,8","32,60K","-0,39%"
"28.09.2024","65.866,5","65.775,6","66.232,5","65.438,1","35,00K","0,14%"
"27.09.2024","65.776,3","65.168,8","66.440,7","64.839,2","80,55K","0,92%"
"26.09.2024","65.175,7","63.157,2","65.770,9","62.693,3","96,06K","3,20%"
"25.09.2024","63.156,5","64.262,9","64.788,4","62.952,8","62,72K","-1,71%"
"24.09.2024","64.256,8","63.335,9","64.664,1","62.740,8","76,71K","1,46%"
"23.09.2024","63.331,8","63.575,4","64.723,4","62.650,0","75,66K","-0,38%"
"22.09.2024","63.572,7","63.351,2","63.998,2","62.394,6","48,86K","0,35%"
"21.09.2024","63.348,1","63.201,2","63.526,3","62.778,6","33,20K","0,23%"
"20.09.2024","63.201,2","62.942,4","64.085,1","62.367,1","90,65K","0,42%"
"19.09.2024","62.938,6","61.754,8","63.849,6","61.596,5","120,17K","1,91%"
"18.09.2024","61.757,6","60.308,5","61.757,6","59.210,7","105,57K","2,40%"
"17.09.2024","60.309,1","58.213,1","61.309,0","57.630,2","106,30K","3,60%"
"16.09.2024","58.213,1","59.126,2","59.204,3","57.527,8","87,60K","-1,56%"
"15.09.2024","59.138,5","59.995,6","60.377,6","58.717,9","47,01K","-1,43%"
"14.09.2024","59.995,4","60.514,8","60.609,4","59.494,3","44,47K","-0,85%"
"13.09.2024","60.511,6","58.134,4","60.625,4","57.656,8","102,12K","4,09%"
"12.09.2024","58.134,5","57.335,5","58.484,1","57.329,6","98,42K","1,39%"
"11.09.2024","57.338,7","57.638,0","57.975,9","55.576,6","102,15K","-0,51%"
"10.09.2024","57.635,0","57.045,6","58.019,9","56.415,3","77,65K","1,03%"
"09.09.2024","57.049,6","54.868,0","57.956,7","54.595,4","105,33K","3,99%"
"08.09.2024","54.861,3","54.161,4","55.292,7","53.642,4","51,99K","1,30%"
"07.09.2024","54.156,5","53.965,0","54.819,2","53.754,3","58,11K","0,35%"
"06.09.2024","53.966,8","56.179,7","56.969,1","52.644,6","155,84K","-3,94%"
"05.09.2024","56.183,2","57.970,7","58.318,9","55.744,6","90,36K","-3,09%"
"04.09.2024","57.973,4","57.490,4","58.508,8","55.732,1","108,44K","0,86%"
"03.09.2024","57.479,8","59.133,7","59.799,7","57.436,9","74,77K","-2,80%"
"02.09.2024","59.134,0","57.309,0","59.416,6","57.185,8","73,18K","3,17%"
"01.09.2024","57.315,7","58.975,7","59.058,7","57.232,4","63,95K","-2,82%"
"31.08.2024","58.978,6","59.120,4","59.447,0","58.761,1","30,86K","-0,24%"
"30.08.2024","59.119,7","59.371,7","59.817,6","57.874,7","87,31K","-0,43%"
"29.08.2024","59.373,5","59.027,3","61.150,6","58.807,1","87,19K","0,61%"
"28.08.2024","59.016,0","59.425,6","60.198,4","57.912,1","109,47K","-0,73%"
"27.08.2024","59.450,9","62.832,2","63.201,4","58.187,3","108,53K","-5,40%"
"26.08.2024","62.846,2","64.240,7","64.472,5","62.841,1","68,89K","-2,22%"
"25.08.2024","64.273,2","64.160,7","64.939,2","63.796,6","41,61K","0,18%"
"24.08.2024","64.159,3","64.061,7","64.458,9","63.579,5","54,14K","0,17%"
"23.08.2024","64.053,1","60.374,7","64.830,1","60.354,4","125,50K","6,10%"
"22.08.2024","60.372,2","61.158,3","61.399,7","59.815,8","74,39K","-1,29%"
"21.08.2024","61.158,1","59.010,0","61.812,0","58.831,1","91,31K","3,65%"
"20.08.2024","59.005,8","59.470,3","61.331,6","58.612,0","69,77K","-0,78%"
"19.08.2024","59.470,9","58.445,8","59.598,5","57.872,0","49,19K","1,75%"
"18.08.2024","58.446,3","59.485,4","60.216,3","58.436,1","30,82K","-1,74%"
"17.08.2024","59.483,1","58.877,8","59.659,5","58.825,5","18,51K","1,03%"
"16.08.2024","58.877,2","57.545,1","59.817,3","57.129,1","64,01K","2,33%"
"15.08.2024","57.534,6","58.710,1","59.831,4","56.275,7","81,47K","-2,00%"
"14.08.2024","58.707,8","60.594,6","61.543,0","58.491,2","64,79K","-3,11%"
"13.08.2024","60.595,2","59.350,2","61.537,0","58.492,4","62,92K","2,10%"
"12.08.2024","59.350,0","58.711,7","60.606,2","57.689,0","79,31K","1,08%"
"11.08.2024","58.713,3","60.929,8","61.677,3","58.388,7","41,06K","-3,64%"
"10.08.2024","60.931,7","60.844,5","61.344,5","60.264,2","22,91K","0,13%"
"09.08.2024","60.850,6","61.697,8","61.712,3","59.570,2","69,55K","-1,38%"
"08.08.2024","61.699,7","55.112,8","62.563,5","54.786,9","109,77K","11,94%"
"07.08.2024","55.120,9","56.049,9","57.669,6","54.598,5","94,52K","-1,67%"
"06.08.2024","56.057,8","54.010,8","57.025,6","53.998,2","113,89K","3,85%"
"05.08.2024","53.979,0","58.142,9","58.291,4","49.486,9","333,46K","-7,16%"
"04.08.2024","58.141,8","60.700,2","61.086,5","57.346,9","72,71K","-4,21%"
"03.08.2024","60.696,7","61.480,8","62.184,2","59.914,6","65,74K","-1,27%"
"02.08.2024","61.478,7","65.351,8","65.567,1","61.242,3","93,89K","-5,96%"
"01.08.2024","65.372,9","64.625,7","65.587,9","62.303,9","84,20K","1,16%"
"31.07.2024","64.626,0","66.185,4","66.825,6","64.538,3","51,52K","-2,36%"
"30.07.2024","66.184,9","66.796,1","66.998,3","65.328,7","54,43K","-0,92%"
"29.07.2024","66.798,7","68.256,3","70.000,2","66.544,5","85,67K","-2,14%"
"28.07.2024","68.256,3","67.888,9","68.291,9","67.067,8","26,17K","0,61%"
"27.07.2024","67.843,1","67.910,8","69.387,6","66.776,8","67,99K","-0,10%"
"26.07.2024","67.908,6","65.799,7","68.205,0","65.764,3","59,13K","3,21%"
"25.07.2024","65.799,3","65.363,9","66.088,6","63.500,9","77,46K","0,66%"
"24.07.2024","65.370,5","65.936,8","67.072,1","65.155,2","52,47K","-0,86%"
"23.07.2024","65.937,8","67.550,4","67.750,2","65.512,9","69,58K","-2,39%"
"22.07.2024","67.553,6","68.158,4","68.468,9","66.601,8","54,88K","-0,89%"
"21.07.2024","68.158,7","67.147,8","68.352,9","65.825,6","47,19K","1,50%"
"20.07.2024","67.148,5","66.677,0","67.586,4","66.257,4","32,94K","0,71%"
"19.07.2024","66.677,4","63.981,2","67.390,4","63.326,1","82,87K","4,22%"
"18.07.2024","63.980,5","64.090,4","65.102,0","63.253,5","51,27K","-0,17%"
"17.07.2024","64.089,2","65.052,8","66.051,5","63.897,5","66,11K","-1,48%"
"16.07.2024","65.049,7","64.749,2","65.319,5","62.430,8","93,63K","0,41%"
"15.07.2024","64.782,4","60.794,7","64.869,5","60.678,8","96,02K","6,56%"
"14.07.2024","60.794,9","59.207,9","61.326,9","59.207,9","47,48K","2,68%"
"13.07.2024","59.209,8","57.897,4","59.826,5","57.770,6","34,28K","2,29%"
"12.07.2024","57.885,1","57.338,3","58.520,9","56.575,7","56,84K","0,96%"
"11.07.2024","57.337,3","57.745,9","59.404,4","57.095,0","66,40K","-0,71%"
"10.07.2024","57.746,7","58.040,2","59.393,8","57.185,3","59,60K","-0,50%"
"09.07.2024","58.039,4","56.721,3","58.234,0","56.306,3","64,25K","2,32%"
"08.07.2024","56.724,7","55.850,2","58.115,8","54.320,0","102,91K","1,55%"
"07.07.2024","55.861,1","58.240,2","58.394,6","55.756,3","41,12K","-4,12%"
"06.07.2024","58.259,2","56.640,0","58.462,0","56.026,8","46,91K","2,86%"
"05.07.2024","56.641,8","57.025,7","57.471,1","53.883,4","175,51K","-0,67%"
"04.07.2024","57.026,3","60.201,4","60.463,0","56.812,7","116,38K","-5,27%"
"03.07.2024","60.199,3","62.104,9","62.263,6","59.466,6","73,34K","-3,07%"
"02.07.2024","62.103,3","62.888,3","63.257,0","61.797,6","46,52K","-1,25%"
"01.07.2024","62.890,1","62.768,8","63.842,1","62.558,0","59,94K","0,22%"
"30.06.2024","62.754,3","60.973,1","63.006,6","60.703,7","37,21K","2,92%"
"29.06.2024","60.973,4","60.403,7","61.192,8","60.382,8","26,56K","0,94%"
"28.06.2024","60.403,3","61.684,6","62.175,4","60.081,9","58,95K","-2,08%"
"27.06.2024","61.685,3","60.848,3","62.351,2","60.629,4","48,79K","1,37%"
"26.06.2024","60.849,4","61.809,9","62.469,4","60.715,1","54,95K","-1,55%"
"25.06.2024","61.809,4","60.292,0","62.266,0","60.262,2","77,28K","2,52%"
"24.06.2024","60.292,7","63.201,6","63.357,1","58.589,9","120,60K","-4,59%"
"23.06.2024","63.196,2","64.261,0","64.518,9","63.195,3","19,94K","-1,66%"
"22.06.2024","64.261,0","64.131,9","64.523,9","63.944,0","17,55K","0,21%"
"21.06.2024","64.128,5","64.854,3","65.054,9","63.427,9","60,86K","-1,12%"
"20.06.2024","64.854,3","64.982,1","66.474,2","64.566,7","56,24K","-0,19%"
"19.06.2024","64.980,9","65.159,8","65.706,4","64.705,6","42,96K","-0,27%"
"18.06.2024","65.159,9","66.495,7","66.571,2","64.098,4","93,72K","-2,01%"
"17.06.2024","66.498,8","66.672,9","67.253,8","65.115,4","66,09K","-0,26%"
"16.06.2024","66.674,7","66.223,0","66.951,4","66.038,1","20,74K","0,68%"
"15.06.2024","66.223,0","66.034,1","66.446,4","65.895,1","24,05K","0,29%"
"14.06.2024","66.034,8","66.775,2","67.347,7","65.076,5","65,18K","-1,11%"
"13.06.2024","66.773,1","68.260,6","68.384,6","66.324,3","66,36K","-2,18%"
"12.06.2024","68.260,1","67.320,9","69.990,8","66.911,5","85,55K","1,40%"
"11.06.2024","67.319,8","69.537,9","69.573,3","66.197,8","96,70K","-3,19%"
"10.06.2024","69.538,2","69.650,2","70.152,5","69.259,9","39,12K","-0,16%"
"09.06.2024","69.650,6","69.310,5","69.847,8","69.136,7","20,99K","0,49%"
"08.06.2024","69.310,1","69.347,0","69.572,1","69.222,4","23,03K","-0,05%"
"07.06.2024","69.347,9","70.793,4","71.956,5","68.620,7","82,62K","-2,04%"
"06.06.2024","70.791,5","71.083,6","71.616,1","70.178,7","49,79K","-0,41%"
"05.06.2024","71.083,7","70.550,9","71.744,4","70.397,1","67,06K","0,76%"
"04.06.2024","70.549,2","68.808,0","71.034,2","68.564,3","75,69K","2,53%"
"03.06.2024","68.807,8","67.763,3","70.131,0","67.616,8","69,42K","1,53%"
"02.06.2024","67.773,5","67.760,8","68.447,5","67.330,6","30,63K","0,02%"
"01.06.2024","67.760,8","67.533,9","67.861,0","67.449,6","19,01K","0,34%"
"31.05.2024","67.530,1","68.352,3","69.018,2","66.676,8","61,51K","-1,21%"
"30.05.2024","68.354,7","67.631,3","69.504,7","67.138,4","66,84K","1,06%"
"29.05.2024","67.635,8","68.366,2","68.897,6","67.143,2","52,13K","-1,07%"
"28.05.2024","68.366,0","69.428,3","69.560,7","67.299,9","71,39K","-1,53%"
"27.05.2024","69.428,7","68.514,6","70.638,3","68.275,2","49,07K","1,33%"
"26.05.2024","68.514,8","69.287,2","69.494,0","68.294,5","24,58K","-1,11%"
"25.05.2024","69.284,4","68.548,2","69.558,8","68.516,1","25,17K","1,07%"
"24.05.2024","68.547,6","67.971,1","69.212,0","66.685,8","63,28K","0,84%"
"23.05.2024","67.975,7","69.166,3","70.041,0","66.578,1","89,45K","-1,71%"
"22.05.2024","69.155,4","70.141,0","70.593,4","69.024,3","65,08K","-1,40%"
"21.05.2024","70.139,9","71.430,5","71.872,0","69.181,7","108,56K","-1,80%"
"20.05.2024","71.422,7","66.278,3","71.482,8","66.076,5","112,66K","7,76%"
"19.05.2024","66.279,1","66.919,0","67.662,5","65.937,3","36,19K","-0,95%"
"18.05.2024","66.917,5","67.036,6","67.361,4","66.636,1","29,68K","-0,18%"
"17.05.2024","67.036,8","65.231,1","67.420,7","65.121,7","63,09K","2,77%"
"16.05.2024","65.231,0","66.219,6","66.643,9","64.623,3","72,55K","-1,50%"
"15.05.2024","66.225,1","61.569,4","66.417,1","61.357,5","106,05K","7,56%"
"14.05.2024","61.569,4","62.936,8","63.102,6","61.156,9","68,84K","-2,17%"
"13.05.2024","62.937,2","61.480,5","63.443,2","60.779,0","70,55K","2,37%"
"12.05.2024","61.480,0","60.826,6","61.847,7","60.647,1","27,40K","1,07%"
"11.05.2024","60.826,6","60.796,8","61.487,5","60.499,3","27,50K","0,05%"
"10.05.2024","60.796,9","63.074,3","63.454,3","60.251,8","79,33K","-3,61%"
"09.05.2024","63.075,0","61.207,3","63.413,3","60.671,4","64,22K","3,05%"
"08.05.2024","61.207,5","62.304,9","62.997,4","60.894,2","56,47K","-1,78%"
"07.05.2024","62.317,7","63.163,1","64.361,0","62.294,1","59,74K","-1,34%"
"06.05.2024","63.163,1","64.005,8","65.448,8","62.730,7","77,68K","-1,32%"
"05.05.2024","64.006,4","63.897,7","64.587,2","62.923,9","40,51K","0,18%"
"04.05.2024","63.888,3","62.887,1","64.466,0","62.599,1","53,03K","1,61%"
"03.05.2024","62.877,5","59.104,3","63.298,4","58.830,8","100,46K","6,35%"
"02.05.2024","59.121,3","58.334,9","59.548,0","56.989,8","98,06K","1,35%"
"01.05.2024","58.331,2","60.665,0","60.827,5","56.643,5","171,55K","-3,85%"
"30.04.2024","60.666,6","63.852,4","64.700,2","59.228,7","121,04K","-5,00%"
"29.04.2024","63.860,1","63.113,7","64.193,1","61.837,2","67,26K","1,19%"
"28.04.2024","63.109,7","63.457,9","64.346,1","62.827,8","36,65K","-0,55%"
"27.04.2024","63.456,8","63.765,8","63.916,7","62.507,7","45,34K","-0,49%"
"26.04.2024","63.766,4","64.497,1","64.771,3","63.354,9","61,60K","-1,13%"
"25.04.2024","64.497,1","64.287,1","65.247,5","62.889,2","80,77K","0,33%"
"24.04.2024","64.285,7","66.414,9","67.060,5","63.606,9","77,83K","-3,21%"
"23.04.2024","66.415,0","66.829,5","67.180,0","65.848,3","52,42K","-0,62%"
"22.04.2024","66.829,3","64.940,1","67.208,0","64.527,5","72,30K","2,91%"
"21.04.2024","64.940,2","64.942,1","65.680,6","64.267,5","42,02K","-0,03%"
"20.04.2024","64.961,1","63.817,6","65.375,6","63.131,7","49,33K","1,82%"
"19.04.2024","63.799,1","63.480,5","65.441,2","59.693,3","150,34K","0,50%"
"18.04.2024","63.481,4","61.278,9","64.092,4","60.822,3","97,38K","3,59%"
"17.04.2024","61.278,9","63.802,3","64.451,5","59.820,8","118,92K","-3,96%"
"16.04.2024","63.805,3","63.416,1","64.274,4","61.715,6","114,96K","0,62%"
"15.04.2024","63.411,9","65.696,6","66.805,1","62.379,5","118,79K","-3,48%"
"14.04.2024","65.697,4","63.909,5","65.758,2","62.174,7","134,40K","2,89%"
"13.04.2024","63.849,9","67.137,4","67.921,0","61.065,5","149,48K","-4,92%"
"12.04.2024","67.151,9","70.014,9","71.226,9","65.829,3","131,84K","-4,08%"
"11.04.2024","70.011,6","70.620,4","71.249,2","69.586,1","72,51K","-0,86%"
"10.04.2024","70.622,1","69.147,8","71.086,9","67.570,0","97,71K","2,13%"
"09.04.2024","69.148,0","71.627,3","71.737,2","68.264,6","93,69K","-3,47%"
"08.04.2024","71.630,1","69.358,0","72.710,8","69.110,5","105,78K","3,27%"
"07.04.2024","69.360,4","68.897,3","70.285,8","68.849,4","46,99K","0,68%"
"06.04.2024","68.890,6","67.830,5","69.632,0","67.467,2","41,48K","1,56%"
"05.04.2024","67.830,6","68.498,7","68.692,2","66.023,3","88,97K","-0,97%"
"04.04.2024","68.496,5","65.968,4","69.238,8","65.096,3","100,30K","3,84%"
"03.04.2024","65.963,0","65.443,6","66.844,8","64.559,0","88,46K","0,80%"
"02.04.2024","65.439,2","69.662,7","69.673,0","64.628,4","152,87K","-6,07%"
"01.04.2024","69.664,4","71.329,3","71.329,3","68.175,9","94,05K","-2,34%"
"31.03.2024","71.332,0","69.608,5","71.367,5","69.576,6","42,45K","2,47%"
"30.03.2024","69.611,5","69.872,3","70.321,2","69.564,9","29,87K","-0,37%"
"29.03.2024","69.871,7","70.766,7","70.907,0","69.090,9","58,99K","-1,26%"
"28.03.2024","70.762,1","69.449,4","71.542,5","68.956,9","72,49K","1,90%"
"27.03.2024","69.442,4","69.999,2","71.670,8","68.428,6","112,88K","-0,80%"
"26.03.2024","69.999,3","69.896,3","71.490,7","69.366,4","90,98K","0,15%"
"25.03.2024","69.892,0","67.216,4","71.118,8","66.395,0","124,72K","3,99%"
"24.03.2024","67.211,9","64.036,5","67.587,8","63.812,9","65,59K","4,96%"
"23.03.2024","64.037,8","63.785,6","65.972,4","63.074,9","35,11K","0,40%"
"22.03.2024","63.785,5","65.501,5","66.633,3","62.328,3","72,43K","-2,62%"
"21.03.2024","65.503,8","67.860,0","68.161,7","64.616,1","75,26K","-3,46%"
"20.03.2024","67.854,0","62.046,8","68.029,5","60.850,9","133,53K","9,35%"
"19.03.2024","62.050,0","67.594,1","68.099,6","61.560,6","148,08K","-8,20%"
"18.03.2024","67.594,1","68.389,7","68.920,1","66.601,4","78,07K","-1,17%"
"17.03.2024","68.391,2","65.314,2","68.857,7","64.605,5","66,07K","4,71%"
"16.03.2024","65.314,2","69.456,5","70.037,0","64.971,0","75,82K","-5,97%"
"15.03.2024","69.463,7","71.387,1","72.398,1","65.765,6","148,59K","-2,69%"
"14.03.2024","71.387,5","73.066,7","73.740,9","68.717,2","109,43K","-2,30%"
"13.03.2024","73.066,3","71.461,9","73.623,5","71.338,4","77,18K","2,23%"
"12.03.2024","71.470,2","72.099,1","72.916,7","68.845,6","105,09K","-0,87%"
"11.03.2024","72.099,1","68.964,7","72.771,5","67.452,8","114,72K","4,54%"
"10.03.2024","68.964,8","68.360,7","69.905,3","68.165,0","53,49K","0,88%"
"09.03.2024","68.366,5","68.178,5","68.576,9","67.923,9","30,71K","0,29%"
"08.03.2024","68.172,0","66.854,4","69.904,0","66.170,7","112,67K","1,97%"
"07.03.2024","66.855,3","66.074,6","67.985,5","65.602,6","77,47K","1,17%"
"06.03.2024","66.080,4","63.794,7","67.604,9","62.848,7","117,91K","3,59%"
"05.03.2024","63.792,6","68.273,1","69.063,1","60.138,2","207,60K","-6,56%"
"04.03.2024","68.270,1","63.135,8","68.495,1","62.746,8","130,86K","8,13%"
"03.03.2024","63.135,8","61.955,6","63.227,3","61.399,4","38,01K","1,84%"
"02.03.2024","61.994,5","62.397,7","62.446,3","61.621,9","33,80K","-0,65%"
"01.03.2024","62.397,7","61.157,3","63.147,3","60.790,9","74,96K","2,01%"
"29.02.2024","61.169,3","62.467,1","63.653,4","60.512,5","119,29K","-2,08%"
"28.02.2024","62.467,6","57.048,7","63.915,3","56.704,9","173,64K","9,48%"
"27.02.2024","57.056,2","54.491,1","57.555,2","54.464,0","100,48K","4,70%"
"26.02.2024","54.495,1","51.722,7","54.899,1","50.925,2","78,05K","5,36%"
"25.02.2024","51.722,7","51.572,1","51.952,0","51.299,0","23,61K","0,29%"
"24.02.2024","51.571,6","50.739,6","51.689,9","50.592,0","20,99K","1,64%"
"23.02.2024","50.740,5","51.320,6","51.532,5","50.537,6","43,27K","-1,13%"
"22.02.2024","51.320,4","51.850,2","52.015,8","50.947,3","50,27K","-1,04%"
"21.02.2024","51.858,2","52.263,5","52.367,3","50.676,9","59,02K","-0,78%"
"20.02.2024","52.263,5","51.783,1","52.936,8","50.801,8","68,10K","0,93%"
"19.02.2024","51.783,6","52.119,6","52.484,8","51.694,2","36,73K","-0,64%"
"18.02.2024","52.117,5","51.646,0","52.350,3","51.199,6","26,89K","0,91%"
"17.02.2024","51.646,0","52.134,2","52.175,5","50.652,3","32,45K","-0,94%"
"16.02.2024","52.134,2","51.901,4","52.556,7","51.612,6","52,86K","0,45%"
"15.02.2024","51.901,3","51.805,2","52.819,4","51.327,5","74,72K","0,23%"
"14.02.2024","51.782,4","49.708,6","52.010,7","49.263,8","80,35K","4,16%"
"13.02.2024","49.716,0","49.941,0","50.326,6","48.398,3","78,51K","-0,45%"
"12.02.2024","49.941,3","48.280,2","50.277,3","47.729,9","81,85K","3,45%"
"11.02.2024","48.277,3","47.759,3","48.531,6","47.590,2","36,50K","1,09%"
"10.02.2024","47.758,2","47.128,0","48.149,0","46.875,0","31,20K","1,34%"
"09.02.2024","47.127,5","45.293,3","48.118,8","45.254,2","98,11K","4,05%"
"08.02.2024","45.293,3","44.346,2","45.579,2","44.336,4","66,38K","2,15%"
"07.02.2024","44.339,8","43.088,4","44.367,9","42.783,5","48,57K","2,91%"
"06.02.2024","43.087,7","42.697,6","43.375,5","42.566,8","33,32K","0,91%"
"05.02.2024","42.697,2","42.581,4","43.532,2","42.272,5","39,26K","0,27%"
"04.02.2024","42.581,4","43.006,2","43.113,2","42.379,4","20,33K","-0,99%"
"03.02.2024","43.005,7","43.194,7","43.370,4","42.882,0","14,57K","-0,44%"
"02.02.2024","43.194,7","43.083,7","43.459,3","42.596,3","42,65K","0,26%"
"01.02.2024","43.081,4","42.580,1","43.263,1","41.890,5","47,69K","1,18%"
"31.01.2024","42.580,5","42.946,2","43.739,7","42.315,4","56,48K","-0,85%"
"30.01.2024","42.946,2","43.303,3","43.817,9","42.702,9","55,13K","-0,82%"
"29.01.2024","43.299,8","42.031,4","43.305,6","41.824,7","45,23K","3,02%"
"28.01.2024","42.030,7","42.121,3","42.817,1","41.649,0","32,53K","-0,21%"
"27.01.2024","42.120,9","41.811,5","42.191,8","41.413,0","20,46K","0,74%"
"26.01.2024","41.811,3","39.942,0","42.214,8","39.831,2","69,47K","4,70%"
"25.01.2024","39.935,7","40.085,1","40.285,8","39.546,3","46,30K","-0,37%"
"24.01.2024","40.086,0","39.891,3","40.535,2","39.510,0","58,64K","0,49%"
"23.01.2024","39.888,8","39.555,0","40.159,4","38.546,9","82,67K","0,84%"
"22.01.2024","39.556,4","41.581,7","41.684,9","39.468,4","85,10K","-4,87%"
"21.01.2024","41.583,2","41.695,4","41.878,0","41.504,5","16,11K","-0,27%"
"20.01.2024","41.695,4","41.647,6","41.858,0","41.449,5","22,27K","0,11%"
"19.01.2024","41.648,0","41.293,8","42.164,6","40.305,4","72,64K","0,86%"
"18.01.2024","41.292,7","42.763,5","42.908,0","40.682,6","70,35K","-3,45%"
"17.01.2024","42.768,7","43.139,1","43.192,3","42.211,8","50,44K","-0,87%"
"16.01.2024","43.145,5","42.515,2","43.563,7","42.093,1","63,93K","1,49%"
"15.01.2024","42.510,7","41.747,6","43.348,9","41.719,2","52,08K","1,83%"
"14.01.2024","41.746,1","42.851,3","43.069,4","41.739,6","37,14K","-2,58%"
"13.01.2024","42.851,3","42.836,7","43.248,6","42.443,3","48,18K","0,04%"
"12.01.2024","42.835,9","46.348,1","46.503,2","41.857,9","136,92K","-7,58%"
"11.01.2024","46.348,2","46.629,3","48.923,7","45.651,8","131,04K","-0,60%"
"10.01.2024","46.629,3","46.112,0","47.654,3","44.403,6","131,48K","1,08%"
"09.01.2024","46.129,0","46.959,2","47.880,1","45.333,9","100,09K","-1,77%"
"08.01.2024","46.962,2","43.934,2","47.196,7","43.251,0","103,09K","6,91%"
"07.01.2024","43.927,3","43.973,5","44.481,2","43.627,9","29,53K","-0,09%"
"06.01.2024","43.967,9","44.156,6","44.203,2","43.424,0","24,26K","-0,43%"
"05.01.2024","44.156,9","44.163,0","44.312,1","42.629,0","68,07K","0,00%"
"04.01.2024","44.157,0","42.836,1","44.744,5","42.632,8","68,05K","3,08%"
"03.01.2024","42.836,1","44.943,7","45.492,7","40.888,3","117,65K","-4,69%"
"02.01.2024","44.943,7","44.182,9","45.885,4","44.166,0","97,84K","1,72%"
"01.01.2024","44.183,4","42.272,5","44.187,0","42.196,7","36,30K","4,52%"
"31.12.2023","42.272,5","42.141,6","42.878,8","41.971,4","35,58K","0,32%"
"30.12.2023","42.136,7","42.074,7","42.592,2","41.527,3","35,18K","0,15%"
"29.12.2023","42.072,4","42.581,1","43.108,0","41.459,0","60,98K","-1,19%"
"28.12.2023","42.581,1","43.446,5","43.782,6","42.309,3","49,84K","-1,99%"
"27.12.2023","43.446,5","42.514,3","43.676,7","42.115,3","50,10K","2,20%"
"26.12.2023","42.513,3","43.579,9","43.594,9","41.796,6","56,03K","-2,44%"
"25.12.2023","43.578,5","42.982,0","43.792,7","42.745,3","32,67K","1,39%"
"24.12.2023","42.981,5","43.710,4","43.935,7","42.748,5","30,86K","-1,67%"
"23.12.2023","43.710,4","43.968,9","43.994,6","43.325,7","21,29K","-0,59%"
"22.12.2023","43.968,9","43.865,9","44.394,6","43.419,3","44,50K","0,23%"
"21.12.2023","43.865,9","43.660,3","44.241,8","43.310,2","48,96K","0,47%"
"20.12.2023","43.662,8","42.259,5","44.278,7","42.217,2","70,19K","3,32%"
"19.12.2023","42.259,3","42.659,7","43.473,3","41.842,7","55,29K","-0,94%"
"18.12.2023","42.659,7","41.369,1","42.728,0","40.554,0","61,58K","3,12%"
"17.12.2023","41.368,7","42.271,7","42.413,2","41.276,9","35,46K","-2,14%"
"16.12.2023","42.271,7","41.929,0","42.690,3","41.698,2","30,11K","0,82%"
"15.12.2023","41.929,0","43.025,2","43.080,7","41.697,9","45,28K","-2,55%"
"14.12.2023","43.025,9","42.886,3","43.392,7","41.591,2","59,15K","0,33%"
"13.12.2023","42.884,5","41.487,0","43.417,5","40.649,3","63,11K","3,37%"
"12.12.2023","41.487,0","41.256,1","42.070,9","40.691,5","57,04K","0,56%"
"11.12.2023","41.256,1","43.791,0","43.806,3","40.277,1","105,19K","-5,79%"
"10.12.2023","43.791,0","43.716,6","44.045,4","43.576,8","23,81K","0,17%"
"09.12.2023","43.718,4","44.175,5","44.361,2","43.617,4","31,67K","-1,03%"
"08.12.2023","44.175,5","43.288,3","44.697,6","43.108,4","58,44K","2,05%"
"07.12.2023","43.289,7","43.774,4","44.046,4","42.860,5","63,09K","-1,11%"
"06.12.2023","43.776,3","44.076,2","44.283,7","43.466,7","72,52K","-0,68%"
"05.12.2023","44.076,2","41.989,6","44.424,1","41.424,9","96,84K","4,97%"
"04.12.2023","41.987,8","39.968,6","42.394,4","39.968,6","104,21K","5,05%"
"03.12.2023","39.970,2","39.456,8","40.178,9","39.280,3","35,27K","1,30%"
"02.12.2023","39.458,4","38.688,2","39.673,4","38.646,5","37,09K","1,99%"
"01.12.2023","38.688,2","37.712,9","38.950,8","37.618,3","62,50K","2,59%"
"30.11.2023","37.712,9","37.857,6","38.144,4","37.509,2","33,53K","-0,38%"
"29.11.2023","37.855,5","37.823,3","38.362,9","37.607,6","49,34K","0,09%"
"28.11.2023","37.823,3","37.244,3","38.379,4","36.881,1","57,50K","1,54%"
"27.11.2023","37.248,6","37.451,8","37.563,3","36.751,5","45,24K","-0,54%"
"26.11.2023","37.451,8","37.786,4","37.819,1","37.166,3","29,20K","-0,89%"
"25.11.2023","37.787,0","37.718,6","37.887,4","37.599,9","16,09K","0,18%"
"24.11.2023","37.717,3","37.295,0","38.400,8","37.257,4","65,83K","1,14%"
"23.11.2023","37.293,1","37.410,8","37.642,5","36.915,3","32,35K","-0,31%"
"22.11.2023","37.410,8","35.797,5","37.862,5","35.695,6","64,81K","4,46%"
"21.11.2023","35.813,6","37.452,7","37.631,2","35.799,2","71,07K","-4,38%"
"20.11.2023","37.454,1","37.356,6","37.735,6","36.857,6","51,80K","0,27%"
"19.11.2023","37.354,2","36.568,6","37.504,6","36.393,3","26,14K","2,15%"
"18.11.2023","36.568,6","36.617,5","36.845,2","36.220,6","20,88K","-0,07%"
"17.11.2023","36.595,4","36.161,8","36.690,6","35.875,2","51,37K","1,20%"
"16.11.2023","36.161,2","37.873,9","37.907,6","35.561,6","66,92K","-4,52%"
"15.11.2023","37.874,9","35.549,3","37.954,1","35.379,6","75,51K","6,54%"
"14.11.2023","35.549,3","36.478,3","36.744,5","34.984,3","63,56K","-2,55%"
"13.11.2023","36.478,3","37.067,8","37.404,6","36.358,4","44,55K","-1,58%"
"12.11.2023","37.064,4","37.149,0","37.215,3","36.761,9","21,45K","-0,23%"
"11.11.2023","37.150,5","37.306,3","37.401,3","36.767,6","29,53K","-0,41%"
"10.11.2023","37.303,0","36.700,5","37.496,1","36.347,2","59,56K","1,64%"
"09.11.2023","36.700,5","35.636,9","37.942,0","35.578,1","115,56K","2,98%"
"08.11.2023","35.636,9","35.426,2","36.050,2","35.148,8","46,33K","0,60%"
"07.11.2023","35.426,1","35.042,1","35.877,9","34.536,9","53,49K","1,10%"
"06.11.2023","35.042,0","35.020,3","35.275,6","34.742,9","29,81K","0,06%"
"05.11.2023","35.019,4","35.065,8","35.360,2","34.550,0","31,02K","-0,13%"
"04.11.2023","35.065,8","34.718,6","35.242,2","34.601,1","23,80K","1,00%"
"03.11.2023","34.718,7","34.931,4","34.940,6","34.124,2","54,54K","-0,61%"
"02.11.2023","34.931,4","35.423,8","35.907,6","34.357,4","63,66K","-1,39%"
"01.11.2023","35.423,8","34.648,3","35.557,5","34.138,7","71,66K","2,23%"
"31.10.2023","34.650,6","34.478,9","34.704,6","34.053,9","43,40K","0,50%"
"30.10.2023","34.477,9","34.526,7","34.853,3","34.089,5","45,20K","-0,14%"
"29.10.2023","34.526,7","34.082,6","34.737,9","33.937,6","27,72K","1,30%"
"28.10.2023","34.082,6","33.901,6","34.387,8","33.867,3","22,00K","0,53%"
"27.10.2023","33.901,8","34.153,7","34.245,8","33.423,6","47,33K","-0,74%"
"26.10.2023","34.153,7","34.497,6","34.826,0","33.749,9","56,62K","-0,99%"
"25.10.2023","34.496,8","33.917,0","35.123,9","33.713,4","75,81K","1,71%"
"24.10.2023","33.917,0","33.037,3","35.191,4","32.866,5","159,08K","2,65%"
"23.10.2023","33.041,8","29.984,2","34.375,6","29.891,4","133,46K","10,20%"
"22.10.2023","29.984,2","29.912,7","30.193,4","29.713,6","29,07K","0,24%"
"21.10.2023","29.912,9","29.674,7","30.264,8","29.469,1","34,68K","0,80%"
"20.10.2023","29.674,5","28.724,0","30.165,9","28.586,1","82,68K","3,31%"
"19.10.2023","28.723,0","28.321,8","28.883,8","28.170,2","50,10K","1,42%"
"18.10.2023","28.321,7","28.405,2","28.876,0","28.169,0","45,01K","-0,29%"
"17.10.2023","28.403,6","28.508,3","28.608,5","28.096,9","53,42K","-0,37%"
"16.10.2023","28.509,7","27.161,2","29.969,5","27.119,7","119,18K","4,96%"
"15.10.2023","27.161,2","26.852,8","27.286,9","26.812,6","21,95K","1,15%"
"14.10.2023","26.852,8","26.863,5","26.975,7","26.805,1","13,56K","-0,04%"
"13.10.2023","26.863,5","26.761,1","27.114,8","26.682,9","33,66K","0,38%"
"12.10.2023","26.761,1","26.878,2","26.942,8","26.565,3","32,75K","-0,43%"
"11.10.2023","26.876,6","27.391,9","27.475,9","26.558,4","55,78K","-1,88%"
"10.10.2023","27.391,0","27.581,5","27.728,1","27.300,1","34,32K","-0,69%"
"09.10.2023","27.581,4","27.922,7","27.986,4","27.279,5","44,81K","-1,22%"
"08.10.2023","27.922,7","27.961,1","28.097,5","27.714,4","24,11K","-0,14%"
"07.10.2023","27.961,1","27.935,5","28.021,3","27.859,0","17,29K","0,09%"
"06.10.2023","27.936,9","27.410,3","28.223,6","27.195,7","52,51K","1,92%"
"05.10.2023","27.410,3","27.783,5","28.089,1","27.371,7","46,26K","-1,37%"
"04.10.2023","27.790,9","27.428,7","27.832,7","27.242,5","40,93K","1,32%"
"03.10.2023","27.428,4","27.501,6","27.670,8","27.194,1","44,06K","-0,28%"
"02.10.2023","27.505,3","27.974,6","28.556,6","27.325,2","84,30K","-1,68%"
"01.10.2023","27.974,5","26.962,5","28.038,4","26.955,7","35,11K","3,75%"
"30.09.2023","26.962,7","26.908,1","27.085,7","26.887,5","17,55K","0,20%"
"29.09.2023","26.909,8","27.022,6","27.229,5","26.728,8","42,24K","-0,42%"
"28.09.2023","27.022,6","26.368,2","27.283,6","26.339,4","64,56K","2,49%"
"27.09.2023","26.366,1","26.218,9","26.836,9","26.109,1","50,80K","0,56%"
"26.09.2023","26.218,9","26.303,1","26.396,2","26.093,4","26,41K","-0,32%"
"25.09.2023","26.302,7","26.251,6","26.423,6","26.013,6","38,20K","0,20%"
"24.09.2023","26.251,5","26.579,0","26.727,6","26.162,2","22,32K","-1,23%"
"23.09.2023","26.579,2","26.581,7","26.636,2","26.517,5","12,92K","-0,01%"
"22.09.2023","26.581,9","26.569,5","26.736,4","26.488,5","28,79K","0,04%"
"21.09.2023","26.570,0","27.125,2","27.155,6","26.382,3","47,81K","-2,05%"
"20.09.2023","27.125,0","27.209,2","27.378,6","26.851,8","47,23K","-0,31%"
"19.09.2023","27.209,2","26.759,0","27.480,7","26.672,2","52,17K","1,67%"
"18.09.2023","26.763,5","26.530,3","27.413,3","26.405,2","63,35K","0,88%"
"17.09.2023","26.529,1","26.562,0","26.614,4","26.408,7","16,57K","-0,12%"
"16.09.2023","26.562,0","26.599,9","26.769,0","26.463,5","18,45K","-0,15%"
"15.09.2023","26.601,0","26.523,3","26.837,4","26.233,1","36,47K","0,29%"
"14.09.2023","26.524,7","26.223,0","26.760,3","26.148,6","53,82K","1,15%"
"13.09.2023","26.223,0","25.836,1","26.382,3","25.766,9","42,58K","1,50%"
"12.09.2023","25.834,5","25.166,4","26.472,6","25.133,5","78,71K","2,65%"
"11.09.2023","25.166,4","25.840,2","25.897,4","24.923,1","56,32K","-2,61%"
"10.09.2023","25.840,2","25.901,1","25.995,1","25.626,7","23,60K","-0,24%"
"09.09.2023","25.901,1","25.909,5","25.938,5","25.814,3","13,48K","-0,03%"
"08.09.2023","25.909,5","26.248,5","26.415,4","25.701,6","41,01K","-1,30%"
"07.09.2023","26.249,8","25.758,0","26.417,7","25.626,5","39,77K","1,91%"
"06.09.2023","25.758,0","25.790,1","26.018,4","25.411,7","37,78K","-0,13%"
"05.09.2023","25.790,2","25.824,4","25.864,0","25.596,3","28,40K","-0,13%"
"04.09.2023","25.823,3","25.971,0","26.094,2","25.660,9","27,13K","-0,57%"
"03.09.2023","25.971,0","25.869,7","26.090,4","25.816,6","21,36K","0,39%"
"02.09.2023","25.869,7","25.803,5","25.977,4","25.752,7","21,24K","0,26%"
"01.09.2023","25.803,2","25.938,3","26.144,9","25.361,9","58,08K","-0,52%"
"31.08.2023","25.937,3","27.300,6","27.464,5","25.731,0","69,11K","-4,99%"
"30.08.2023","27.298,8","27.723,9","27.757,3","27.043,2","46,54K","-1,53%"
"29.08.2023","27.723,9","26.118,1","28.046,0","25.919,8","98,32K","6,14%"
"28.08.2023","26.118,9","26.100,6","26.215,7","25.891,0","28,84K","0,07%"
"27.08.2023","26.100,6","26.017,1","26.176,8","25.968,7","14,29K","0,32%"
"26.08.2023","26.017,1","26.057,2","26.114,1","25.993,5","12,09K","-0,15%"
"25.08.2023","26.057,2","26.176,1","26.265,7","25.811,6","39,96K","-0,46%"
"24.08.2023","26.177,0","26.436,2","26.560,5","25.943,6","41,04K","-0,98%"
"23.08.2023","26.436,2","26.042,0","26.807,7","25.812,6","60,96K","1,52%"
"22.08.2023","26.039,9","26.126,8","26.138,8","25.481,9","47,72K","-0,33%"
"21.08.2023","26.126,0","26.190,8","26.220,9","25.850,8","41,10K","-0,25%"
"20.08.2023","26.190,8","26.099,5","26.269,1","25.998,5","24,00K","0,35%"
"19.08.2023","26.099,4","26.053,3","26.262,2","25.799,5","33,04K","0,18%"
"18.08.2023","26.053,2","26.635,7","26.801,9","25.691,0","93,05K","-2,19%"
"17.08.2023","26.635,7","28.726,1","28.771,8","25.489,4","132,92K","-7,28%"
"16.08.2023","28.726,3","29.195,3","29.251,1","28.717,6","43,71K","-1,61%"
"15.08.2023","29.195,3","29.426,7","29.472,0","29.118,6","33,81K","-0,79%"
"14.08.2023","29.426,7","29.300,1","29.689,0","29.116,0","39,30K","0,43%"
"13.08.2023","29.300,1","29.428,2","29.468,5","29.272,3","13,49K","-0,44%"
"12.08.2023","29.428,2","29.420,8","29.480,8","29.375,4","11,07K","0,02%"
"11.08.2023","29.420,8","29.448,9","29.544,9","29.271,2","27,71K","-0,10%"
"10.08.2023","29.449,0","29.578,0","29.719,4","29.377,5","32,00K","-0,44%"
"09.08.2023","29.578,0","29.771,3","30.104,0","29.384,2","49,67K","-0,67%"
"08.08.2023","29.777,4","29.204,2","30.168,6","29.137,7","62,57K","1,96%"
"07.08.2023","29.204,2","29.081,3","29.270,2","28.721,0","41,19K","0,42%"
"06.08.2023","29.081,3","29.067,9","29.198,9","28.987,4","16,03K","0,05%"
"05.08.2023","29.068,1","29.105,6","29.139,3","28.983,0","14,55K","-0,13%"
"04.08.2023","29.105,5","29.189,1","29.319,1","28.875,8","31,43K","-0,29%"
"03.08.2023","29.189,3","29.180,9","29.409,8","28.981,0","36,08K","0,05%"
"02.08.2023","29.173,7","29.711,8","30.025,9","28.961,6","67,41K","-1,81%"
"01.08.2023","29.712,2","29.232,3","29.712,2","28.611,0","64,01K","1,64%"
"31.07.2023","29.232,4","29.282,0","29.502,3","29.128,3","31,84K","-0,17%"
"30.07.2023","29.281,7","29.354,2","29.446,6","29.054,5","20,58K","-0,24%"
"29.07.2023","29.353,5","29.315,0","29.400,1","29.256,9","13,90K","0,13%"
"28.07.2023","29.315,0","29.222,7","29.533,0","29.125,1","31,42K","0,32%"
"27.07.2023","29.222,7","29.352,9","29.568,8","29.094,0","30,42K","-0,44%"
"26.07.2023","29.352,2","29.228,8","29.681,8","29.109,7","44,33K","0,42%"
"25.07.2023","29.228,6","29.178,3","29.365,4","29.058,7","29,05K","0,17%"
"24.07.2023","29.178,1","30.085,9","30.098,2","28.890,7","55,73K","-3,02%"
"23.07.2023","30.085,9","29.788,9","30.337,0","29.735,7","23,32K","1,00%"
"22.07.2023","29.788,9","29.904,5","29.988,0","29.657,3","18,47K","-0,38%"
"21.07.2023","29.903,1","29.801,0","30.058,9","29.739,9","32,59K","0,34%"
"20.07.2023","29.801,0","29.909,7","30.408,0","29.621,4","50,33K","-0,36%"
"19.07.2023","29.909,7","29.866,7","30.185,5","29.789,3","34,96K","0,14%"
"18.07.2023","29.866,8","30.139,7","30.242,4","29.624,6","42,40K","-0,91%"
"17.07.2023","30.139,7","30.235,5","30.335,9","29.693,3","42,84K","-0,32%"
"16.07.2023","30.235,5","30.291,8","30.435,0","30.075,4","20,31K","-0,18%"
"15.07.2023","30.291,4","30.316,8","30.395,4","30.246,9","17,06K","-0,09%"
"14.07.2023","30.317,4","31.465,4","31.602,6","29.944,3","82,42K","-3,65%"
"13.07.2023","31.466,1","30.387,3","31.764,5","30.260,0","99,81K","3,55%"
"12.07.2023","30.387,3","30.623,3","30.951,3","30.231,7","54,06K","-0,77%"
"11.07.2023","30.623,3","30.414,2","30.782,2","30.333,8","39,84K","0,68%"
"10.07.2023","30.415,3","30.166,9","31.019,6","29.969,1","55,24K","0,82%"
"09.07.2023","30.166,9","30.288,8","30.425,5","30.071,9","20,05K","-0,40%"
"08.07.2023","30.288,8","30.346,8","30.379,9","30.055,9","17,41K","-0,19%"
"07.07.2023","30.346,4","29.912,7","30.442,0","29.757,4","46,42K","1,45%"
"06.07.2023","29.913,1","30.512,8","31.463,6","29.869,0","90,81K","-1,97%"
"05.07.2023","30.512,8","30.768,6","30.875,6","30.233,3","43,23K","-0,83%"
"04.07.2023","30.768,4","31.152,0","31.326,5","30.657,8","42,12K","-1,23%"
"03.07.2023","31.151,3","30.617,5","31.377,0","30.581,5","56,49K","1,74%"
"02.07.2023","30.617,7","30.587,1","30.769,0","30.227,9","28,82K","0,10%"
"01.07.2023","30.586,8","30.472,9","30.649,9","30.329,0","22,46K","0,37%"
"30.06.2023","30.472,9","30.445,7","31.275,5","29.714,5","118,65K","0,09%"
"29.06.2023","30.445,7","30.077,3","30.823,1","30.051,3","49,57K","1,22%"
"28.06.2023","30.078,6","30.691,9","30.703,4","29.919,5","51,06K","-1,99%"
"27.06.2023","30.689,1","30.267,0","30.993,7","30.231,3","55,82K","1,39%"
"26.06.2023","30.267,0","30.466,3","30.645,9","29.986,3","58,71K","-0,65%"
"25.06.2023","30.465,3","30.533,6","31.040,2","30.315,8","37,12K","-0,22%"
"24.06.2023","30.533,6","30.680,7","30.795,3","30.269,4","38,15K","-0,48%"
"23.06.2023","30.679,4","29.890,2","31.395,4","29.822,6","98,85K","2,64%"
"22.06.2023","29.890,5","29.992,8","30.497,8","29.590,4","79,22K","-0,35%"
"21.06.2023","29.996,9","28.307,7","30.769,5","28.270,5","143,49K","5,97%"
"20.06.2023","28.307,7","26.845,9","28.393,0","26.665,5","100,55K","5,44%"
"19.06.2023","26.845,9","26.339,7","27.029,7","26.295,1","46,45K","1,92%"
"18.06.2023","26.339,7","26.515,0","26.679,3","26.290,6","27,31K","-0,66%"
"17.06.2023","26.515,0","26.341,3","26.767,3","26.183,5","35,86K","0,66%"
"16.06.2023","26.341,3","25.591,9","26.472,8","25.276,0","69,24K","2,93%"
"15.06.2023","25.591,3","25.129,5","25.732,8","24.838,0","68,38K","1,84%"
"14.06.2023","25.129,5","25.929,0","26.051,7","24.847,4","60,82K","-3,08%"
"13.06.2023","25.929,4","25.906,9","26.428,9","25.726,4","56,24K","0,09%"
"12.06.2023","25.906,8","25.927,9","26.080,7","25.635,0","40,75K","-0,08%"
"11.06.2023","25.928,4","25.843,3","26.190,1","25.660,8","39,20K","0,33%"
"10.06.2023","25.844,0","26.479,3","26.525,1","25.468,3","83,57K","-2,40%"
"09.06.2023","26.479,3","26.501,1","26.773,9","26.326,7","38,96K","-0,08%"
"08.06.2023","26.501,1","26.341,8","26.784,4","26.231,3","39,95K","0,60%"
"07.06.2023","26.342,5","27.230,2","27.342,0","26.141,0","77,48K","-3,26%"
"06.06.2023","27.230,2","25.745,6","27.325,2","25.425,6","88,61K","5,76%"
"05.06.2023","25.747,4","27.122,3","27.125,5","25.437,5","85,42K","-5,07%"
"04.06.2023","27.122,3","27.070,9","27.410,2","26.956,1","23,81K","0,19%"
"03.06.2023","27.072,0","27.246,0","27.317,5","26.931,4","20,62K","-0,63%"
"02.06.2023","27.244,7","26.819,0","27.299,4","26.541,3","49,37K","1,59%"
"01.06.2023","26.819,0","27.216,4","27.340,9","26.662,3","51,98K","-1,46%"
"31.05.2023","27.216,1","27.696,9","27.825,0","26.865,1","63,08K","-1,74%"
"30.05.2023","27.698,2","27.738,9","28.033,6","27.583,8","45,19K","-0,15%"
"29.05.2023","27.739,4","28.068,4","28.431,2","27.548,8","54,56K","-1,18%"
"28.05.2023","28.071,2","26.855,3","28.181,9","26.788,5","55,23K","4,52%"
"27.05.2023","26.857,5","26.711,2","26.882,9","26.591,2","18,68K","0,55%"
"26.05.2023","26.711,5","26.475,5","26.911,6","26.330,0","45,88K","0,89%"
"25.05.2023","26.475,8","26.327,1","26.589,2","25.892,5","50,17K","0,56%"
"24.05.2023","26.328,4","27.220,7","27.220,7","26.088,7","72,65K","-3,28%"
"23.05.2023","27.220,7","26.851,6","27.448,1","26.804,1","50,89K","1,39%"
"22.05.2023","26.847,3","26.749,9","27.048,9","26.546,1","35,56K","0,36%"
"21.05.2023","26.749,9","27.116,2","27.257,1","26.677,6","27,42K","-1,35%"
"20.05.2023","27.116,2","26.883,0","27.147,2","26.831,3","17,72K","0,87%"
"19.05.2023","26.882,9","26.828,2","27.154,7","26.711,3","36,67K","0,20%"
"18.05.2023","26.828,0","27.403,8","27.467,0","26.449,8","63,39K","-2,10%"
"17.05.2023","27.403,1","27.035,5","27.465,3","26.597,7","58,14K","1,36%"
"16.05.2023","27.035,3","27.183,9","27.295,3","26.881,9","45,29K","-0,55%"
"15.05.2023","27.183,9","26.920,4","27.651,7","26.752,1","53,27K","0,98%"
"14.05.2023","26.920,0","26.777,4","27.176,1","26.609,9","26,35K","0,53%"
"13.05.2023","26.777,5","26.798,7","27.011,9","26.695,6","27,95K","-0,08%"
"12.05.2023","26.799,2","26.983,1","27.044,0","25.853,1","87,49K","-0,68%"
"11.05.2023","26.983,5","27.604,3","27.607,4","26.766,2","62,85K","-2,25%"
"10.05.2023","27.603,3","27.634,3","28.311,7","26.885,7","91,45K","-0,11%"
"09.05.2023","27.634,9","27.670,5","27.816,0","27.366,3","49,75K","-0,13%"
"08.05.2023","27.670,5","28.424,8","28.627,8","27.280,3","85,72K","-2,65%"
"07.05.2023","28.424,8","28.857,1","29.122,0","28.419,6","36,50K","-1,50%"
"06.05.2023","28.857,1","29.512,8","29.816,4","28.414,9","58,94K","-2,22%"
"05.05.2023","29.513,2","28.842,2","29.653,9","28.825,3","74,52K","2,33%"
"04.05.2023","28.842,1","29.023,6","29.352,7","28.687,4","53,80K","-0,63%"
"03.05.2023","29.023,6","28.669,1","29.244,7","28.164,4","81,22K","1,24%"
"02.05.2023","28.669,1","28.079,0","28.877,4","27.913,2","65,33K","2,11%"
"01.05.2023","28.077,6","29.252,1","29.329,6","27.685,9","84,36K","-4,02%"
"30.04.2023","29.252,1","29.235,1","29.941,3","29.095,0","47,62K","0,06%"
"29.04.2023","29.234,1","29.318,4","29.425,5","29.058,5","25,72K","-0,30%"
"28.04.2023","29.321,8","29.475,9","29.587,2","28.927,8","69,88K","-0,52%"
"27.04.2023","29.475,9","28.424,5","29.859,8","28.392,4","121,63K","3,70%"
"26.04.2023","28.424,6","28.298,8","29.995,7","27.307,8","164,31K","0,44%"
"25.04.2023","28.298,8","27.510,1","28.375,6","27.201,1","65,31K","2,87%"
"24.04.2023","27.509,3","27.591,4","27.978,8","27.054,3","66,74K","-0,30%"
"23.04.2023","27.591,4","27.813,8","27.815,0","27.388,5","41,77K","-0,80%"
"22.04.2023","27.813,9","27.264,8","27.872,0","27.165,7","44,30K","2,01%"
"21.04.2023","27.264,8","28.240,5","28.353,4","27.171,1","98,72K","-3,46%"
"20.04.2023","28.240,5","28.813,7","29.082,1","28.032,4","95,45K","-1,99%"
"19.04.2023","28.813,7","30.382,2","30.408,4","28.641,1","111,27K","-5,16%"
"18.04.2023","30.382,2","29.434,1","30.470,1","29.149,2","76,58K","3,22%"
"17.04.2023","29.434,9","30.310,8","30.312,2","29.274,0","71,90K","-2,89%"
"16.04.2023","30.310,3","30.299,2","30.545,3","30.134,6","34,48K","0,04%"
"15.04.2023","30.299,6","30.472,6","30.586,5","30.208,8","31,71K","-0,57%"
"14.04.2023","30.472,5","30.387,4","30.964,9","30.026,0","98,38K","0,28%"
"13.04.2023","30.387,4","29.892,4","30.524,1","29.864,5","65,87K","1,68%"
"12.04.2023","29.886,4","30.209,8","30.473,0","29.679,5","78,69K","-1,07%"
"11.04.2023","30.209,6","29.641,0","30.484,6","29.597,8","89,38K","1,92%"
"10.04.2023","29.641,0","28.326,5","29.755,4","28.182,9","85,73K","4,64%"
"09.04.2023","28.326,6","27.941,2","28.522,7","27.809,2","39,35K","1,38%"
"08.04.2023","27.941,2","27.910,4","28.153,1","27.863,8","23,73K","0,11%"
"07.04.2023","27.910,4","28.037,6","28.102,5","27.779,4","30,94K","-0,45%"
"06.04.2023","28.036,7","28.173,5","28.173,5","27.734,5","51,29K","-0,49%"
"05.04.2023","28.173,5","28.164,4","28.744,4","27.823,5","77,32K","0,03%"
"04.04.2023","28.164,4","27.802,2","28.429,1","27.668,9","64,06K","1,30%"
"03.04.2023","27.802,1","28.194,7","28.458,4","27.256,9","98,00K","-1,41%"
"02.04.2023","28.198,3","28.456,1","28.522,8","27.871,7","45,04K","-0,91%"
"01.04.2023","28.456,1","28.473,7","28.795,1","28.285,6","38,09K","-0,06%"
"31.03.2023","28.473,7","28.029,3","28.646,3","27.587,5","98,44K","1,58%"
"30.03.2023","28.029,5","28.350,3","29.160,4","27.716,7","122,51K","-1,13%"
"29.03.2023","28.350,4","27.262,9","28.627,4","27.249,8","109,32K","3,99%"
"28.03.2023","27.262,2","27.127,8","27.465,0","26.665,6","94,16K","0,49%"
"27.03.2023","27.129,8","27.974,8","28.023,3","26.611,5","107,24K","-3,02%"
"26.03.2023","27.973,5","27.474,9","28.153,7","27.429,1","60,64K","1,81%"
"25.03.2023","27.475,6","27.462,2","27.761,9","27.176,7","61,36K","0,05%"
"24.03.2023","27.462,2","28.306,9","28.374,5","27.026,5","110,36K","-3,00%"
"23.03.2023","28.310,7","27.262,8","28.734,1","27.144,6","158,46K","3,85%"
"22.03.2023","27.261,7","28.114,2","28.760,3","26.668,7","262,03K","-3,03%"
"21.03.2023","28.114,0","27.719,8","28.437,8","27.350,6","438,78K","1,42%"
"20.03.2023","27.720,5","27.958,9","28.457,8","27.157,0","503,90K","-0,85%"
"19.03.2023","27.958,7","26.914,5","28.347,3","26.844,6","393,27K","3,88%"
"18.03.2023","26.914,5","27.391,9","27.659,1","26.688,7","392,47K","-1,74%"
"17.03.2023","27.391,8","25.004,4","27.742,2","24.900,1","674,96K","9,55%"
"16.03.2023","25.004,1","24.283,2","25.139,0","24.147,9","462,58K","2,97%"
"15.03.2023","24.282,7","24.699,6","25.108,9","23.932,4","614,31K","-1,69%"
"14.03.2023","24.699,7","24.121,5","26.365,9","23.994,6","753,06K","2,43%"
"13.03.2023","24.114,4","21.994,8","24.406,2","21.859,6","733,63K","9,64%"
"12.03.2023","21.994,8","20.465,0","22.028,6","20.294,2","455,69K","7,46%"
"11.03.2023","20.467,5","20.156,5","20.669,5","19.796,7","453,46K","1,54%"
"10.03.2023","20.156,7","20.362,0","20.362,6","19.591,8","655,27K","-1,01%"
"09.03.2023","20.361,8","21.710,8","21.826,5","20.079,6","468,76K","-6,21%"
"08.03.2023","21.710,8","22.197,8","22.274,3","21.661,3","316,51K","-2,19%"
"07.03.2023","22.197,8","22.410,1","22.535,1","21.968,6","304,75K","-0,95%"
"06.03.2023","22.410,0","22.428,2","22.595,4","22.320,1","215,31K","-0,08%"
"05.03.2023","22.428,3","22.347,1","22.636,7","22.213,5","160,57K","0,36%"
"04.03.2023","22.347,1","22.354,7","22.403,7","22.167,4","123,93K","-0,03%"
"03.03.2023","22.354,4","23.465,6","23.473,4","22.051,9","344,63K","-4,73%"
"02.03.2023","23.465,4","23.642,2","23.780,5","23.208,7","249,26K","-0,75%"
"01.03.2023","23.642,2","23.130,6","23.914,1","23.025,3","328,77K","2,21%"
"28.02.2023","23.130,5","23.494,0","23.595,0","23.033,8","275,10K","-1,55%"
"27.02.2023","23.494,1","23.558,7","23.876,2","23.166,8","297,65K","-0,27%"
"26.02.2023","23.558,7","23.166,1","23.671,8","23.066,0","209,12K","1,69%"
"25.02.2023","23.166,1","23.191,3","23.215,3","22.777,4","198,35K","-0,11%"
"24.02.2023","23.191,5","23.936,4","24.123,4","22.970,3","367,99K","-3,11%"
"23.02.2023","23.936,3","24.186,6","24.590,4","23.637,9","417,46K","-1,03%"
"22.02.2023","24.186,6","24.450,7","24.474,3","23.593,4","400,24K","-1,08%"
"21.02.2023","24.450,7","24.839,5","25.236,8","24.160,8","395,97K","-1,57%"
"20.02.2023","24.839,5","24.302,8","25.085,4","23.868,6","363,02K","2,21%"
"19.02.2023","24.302,9","24.631,3","25.175,2","24.273,7","312,64K","-1,33%"
"18.02.2023","24.631,4","24.573,5","24.838,9","24.457,0","223,77K","0,24%"
"17.02.2023","24.573,5","23.538,2","24.984,7","23.373,0","523,85K","4,39%"
"16.02.2023","23.539,6","24.328,1","25.233,8","23.525,9","484,50K","-3,24%"
"15.02.2023","24.327,9","22.198,5","24.330,9","22.050,8","401,53K","9,59%"
"14.02.2023","22.198,5","21.776,9","22.308,6","21.556,2","378,39K","1,96%"
"13.02.2023","21.772,6","21.782,7","21.887,5","21.418,7","312,04K","-0,07%"
"12.02.2023","21.786,8","21.859,9","22.080,7","21.653,1","211,65K","-0,33%"
"11.02.2023","21.859,8","21.627,4","21.902,9","21.605,3","182,07K","1,04%"
"10.02.2023","21.635,0","21.792,5","21.933,6","21.491,7","352,79K","-0,72%"
"09.02.2023","21.792,5","22.964,6","23.003,6","21.744,6","425,44K","-5,10%"
"08.02.2023","22.964,6","23.251,7","23.425,1","22.691,7","289,12K","-1,23%"
"07.02.2023","23.251,7","22.761,8","23.338,8","22.748,2","318,98K","2,15%"
"06.02.2023","22.761,8","22.936,0","23.130,6","22.633,7","278,58K","-0,76%"
"05.02.2023","22.936,0","23.326,9","23.423,4","22.766,5","217,26K","-1,66%"
"04.02.2023","23.323,8","23.431,2","23.571,8","23.269,8","170,27K","-0,46%"
"03.02.2023","23.431,2","23.429,1","23.694,1","23.233,8","349,36K","0,02%"
"02.02.2023","23.427,6","23.726,2","24.207,2","23.398,1","382,86K","-1,26%"
"01.02.2023","23.725,6","23.124,7","23.784,5","22.809,6","333,18K","2,60%"
"31.01.2023","23.125,1","22.832,2","23.262,9","22.724,9","289,38K","1,28%"
"30.01.2023","22.832,2","23.746,0","23.794,0","22.560,0","339,62K","-3,88%"
"29.01.2023","23.753,1","23.023,5","23.952,9","22.973,3","320,86K","3,15%"
"28.01.2023","23.027,9","23.074,6","23.182,3","22.889,8","156,96K","-0,20%"
"27.01.2023","23.074,6","23.016,0","23.480,3","22.602,9","310,36K","0,25%"
"26.01.2023","23.016,0","23.055,2","23.259,5","22.869,0","320,97K","-0,17%"
"25.01.2023","23.055,1","22.632,5","23.779,0","22.366,3","388,18K","1,87%"
"24.01.2023","22.632,5","22.916,3","23.156,1","22.517,1","334,17K","-1,23%"
"23.01.2023","22.915,5","22.709,0","23.161,8","22.527,9","327,85K","0,91%"
"22.01.2023","22.707,8","22.775,7","23.068,7","22.323,0","280,64K","-0,30%"
"21.01.2023","22.775,7","22.677,5","23.304,5","22.461,1","382,69K","0,43%"
"20.01.2023","22.677,2","21.074,9","22.718,5","20.879,3","373,74K","7,57%"
"19.01.2023","21.081,2","20.670,6","21.169,4","20.669,7","275,76K","1,99%"
"18.01.2023","20.670,6","21.137,1","21.584,1","20.448,3","388,67K","-2,21%"
"17.01.2023","21.137,1","21.184,4","21.506,4","20.926,2","310,04K","-0,22%"
"16.01.2023","21.184,2","20.880,1","21.416,8","20.698,9","337,46K","1,46%"
"15.01.2023","20.879,8","20.956,0","21.032,2","20.585,7","205,80K","-0,37%"
"14.01.2023","20.958,2","19.926,9","21.185,6","19.898,6","458,21K","5,17%"
"13.01.2023","19.927,0","18.850,8","19.981,6","18.723,8","426,67K","5,71%"
"12.01.2023","18.851,3","17.941,0","19.055,3","17.915,5","522,01K","5,07%"
"11.01.2023","17.942,3","17.440,5","17.989,8","17.323,9","291,53K","2,89%"
"10.01.2023","17.439,1","17.180,1","17.491,0","17.151,7","247,14K","1,51%"
"09.01.2023","17.180,1","17.119,0","17.390,8","17.107,1","301,24K","0,36%"
"08.01.2023","17.119,0","16.943,6","17.119,0","16.913,8","144,84K","1,04%"
"07.01.2023","16.943,6","16.950,9","16.979,6","16.909,7","110,48K","-0,04%"
"06.01.2023","16.950,9","16.829,8","17.012,3","16.707,6","233,47K","0,72%"
"05.01.2023","16.829,8","16.852,2","16.877,9","16.772,3","178,96K","-0,13%"
"04.01.2023","16.852,1","16.674,2","16.976,5","16.656,5","247,39K","1,07%"
"03.01.2023","16.674,2","16.673,1","16.773,2","16.607,2","178,73K","0,00%"
"02.01.2023","16.674,3","16.618,4","16.766,9","16.551,0","136,03K","0,34%"
"01.01.2023","16.618,4","16.537,5","16.621,9","16.499,7","107,84K","0,49%"
"31.12.2022","16.537,4","16.607,2","16.635,9","16.487,3","130,44K","-0,42%"
"30.12.2022","16.607,2","16.636,4","16.644,4","16.360,0","192,76K","-0,18%"
"29.12.2022","16.636,4","16.546,2","16.659,1","16.496,6","181,47K","0,55%"
"28.12.2022","16.546,2","16.705,9","16.781,1","16.474,2","217,96K","-0,96%"
"27.12.2022","16.706,1","16.918,2","16.964,0","16.610,1","192,18K","-1,25%"
"26.12.2022","16.918,1","16.831,8","16.936,1","16.799,4","133,36K","0,51%"
"25.12.2022","16.831,8","16.835,7","16.852,9","16.733,0","132,89K","-0,03%"
"24.12.2022","16.837,2","16.778,6","16.855,8","16.777,8","110,12K","0,35%"
"23.12.2022","16.779,1","16.820,5","16.910,7","16.768,0","184,12K","-0,25%"
"22.12.2022","16.820,6","16.831,8","16.862,2","16.566,1","198,28K","-0,07%"
"21.12.2022","16.831,8","16.902,7","16.919,4","16.735,0","174,34K","-0,42%"
"20.12.2022","16.902,8","16.441,3","17.031,3","16.400,7","284,57K","2,81%"
"19.12.2022","16.441,3","16.741,1","16.809,5","16.331,2","207,93K","-1,79%"
"18.12.2022","16.741,1","16.777,0","16.825,7","16.666,5","124,29K","-0,21%"
"17.12.2022","16.777,1","16.629,0","16.794,4","16.587,0","164,49K","0,89%"
"16.12.2022","16.629,6","17.356,7","17.518,5","16.542,4","303,56K","-4,19%"
"15.12.2022","17.356,1","17.796,4","17.846,1","17.298,2","263,44K","-2,47%"
"14.12.2022","17.796,4","17.778,6","18.351,8","17.682,1","318,98K","0,10%"
"13.12.2022","17.778,6","17.210,9","17.951,6","17.094,5","328,71K","3,30%"
"12.12.2022","17.210,4","17.093,2","17.232,5","16.878,5","249,39K","0,68%"
"11.12.2022","17.093,3","17.127,0","17.262,9","17.080,6","167,20K","-0,20%"
"10.12.2022","17.127,2","17.125,7","17.220,5","17.105,7","148,81K","0,01%"
"09.12.2022","17.125,7","17.225,6","17.288,6","17.082,1","260,84K","-0,58%"
"08.12.2022","17.225,7","16.835,2","17.294,2","16.765,8","261,64K","2,32%"
"07.12.2022","16.835,2","17.089,4","17.126,7","16.715,3","244,36K","-1,49%"
"06.12.2022","17.089,3","16.966,3","17.101,1","16.914,9","246,19K","0,72%"
"05.12.2022","16.966,5","17.106,9","17.395,2","16.886,9","268,72K","-0,85%"
"04.12.2022","17.112,6","16.884,8","17.198,1","16.881,6","197,12K","1,35%"
"03.12.2022","16.884,5","17.093,4","17.132,6","16.862,1","169,29K","-1,22%"
"02.12.2022","17.093,6","16.972,2","17.096,2","16.799,9","227,01K","0,72%"
"01.12.2022","16.972,0","17.163,4","17.244,7","16.868,9","266,14K","-1,12%"
"30.11.2022","17.163,9","16.440,8","17.215,5","16.433,2","348,22K","4,40%"
"29.11.2022","16.440,4","16.211,9","16.531,4","16.100,1","271,58K","1,41%"
"28.11.2022","16.211,7","16.426,1","16.481,4","16.013,5","284,84K","-1,30%"
"27.11.2022","16.425,6","16.456,4","16.595,4","16.414,6","173,25K","-0,19%"
"26.11.2022","16.456,5","16.512,3","16.686,3","16.387,9","194,94K","-0,34%"
"25.11.2022","16.512,3","16.600,6","16.611,8","16.360,9","204,07K","-0,54%"
"24.11.2022","16.601,2","16.604,9","16.785,6","16.472,0","229,59K","-0,14%"
"23.11.2022","16.623,9","16.216,9","16.677,6","16.162,3","305,08K","2,53%"
"22.11.2022","16.212,9","15.776,6","16.274,6","15.620,4","287,21K","2,77%"
"21.11.2022","15.776,2","16.278,6","16.287,9","15.504,2","372,15K","-3,13%"
"20.11.2022","16.286,7","16.699,3","16.749,3","16.209,2","172,83K","-2,47%"
"19.11.2022","16.699,2","16.652,2","16.814,9","16.608,9","114,89K","0,37%"
"18.11.2022","16.638,3","16.715,4","16.846,3","16.553,0","241,96K","-0,32%"
"17.11.2022","16.691,2","16.540,5","16.739,7","16.425,8","257,00K","0,91%"
"16.11.2022","16.540,5","16.895,4","16.993,4","16.408,2","295,73K","-2,10%"
"15.11.2022","16.895,1","16.615,0","17.112,0","16.543,9","337,15K","1,69%"
"14.11.2022","16.613,7","16.325,0","17.158,4","15.834,0","442,46K","1,77%"
"13.11.2022","16.324,5","16.803,9","16.946,5","16.274,9","210,80K","-2,80%"
"12.11.2022","16.795,2","17.049,9","17.100,8","16.633,9","192,91K","-1,49%"
"11.11.2022","17.049,9","17.589,1","17.679,4","16.435,5","466,35K","-3,07%"
"10.11.2022","17.589,1","15.887,0","18.138,2","15.799,3","720,74K","10,71%"
"09.11.2022","15.886,9","18.538,9","18.583,8","15.603,3","869,57K","-14,25%"
"08.11.2022","18.527,4","20.589,0","20.667,5","17.260,0","865,10K","-10,01%"
"07.11.2022","20.589,0","20.916,3","21.055,4","20.410,5","414,24K","-1,56%"
"06.11.2022","20.916,3","21.298,7","21.360,4","20.901,0","242,26K","-1,81%"
"05.11.2022","21.301,6","21.145,7","21.464,7","21.084,1","261,23K","0,74%"
"04.11.2022","21.145,9","20.206,4","21.281,9","20.184,6","499,50K","4,65%"
"03.11.2022","20.206,4","20.154,0","20.384,5","20.066,6","347,23K","0,26%"
"02.11.2022","20.154,4","20.482,9","20.778,3","20.065,8","420,23K","-1,61%"
"01.11.2022","20.483,5","20.496,1","20.676,6","20.348,1","302,72K","-0,06%"
"31.10.2022","20.496,3","20.626,0","20.822,4","20.260,0","327,47K","-0,63%"
"30.10.2022","20.626,3","20.809,4","20.922,3","20.522,5","207,63K","-0,88%"
"29.10.2022","20.809,8","20.594,2","21.038,1","20.561,9","276,54K","1,05%"
"28.10.2022","20.594,4","20.293,0","20.744,0","20.058,2","318,90K","1,49%"
"27.10.2022","20.292,9","20.769,5","20.867,9","20.231,6","365,49K","-2,29%"
"26.10.2022","20.769,5","20.086,8","20.981,5","20.062,9","427,99K","3,42%"
"25.10.2022","20.082,7","19.331,8","20.406,9","19.249,0","371,54K","3,89%"
"24.10.2022","19.331,5","19.571,2","19.588,6","19.177,2","286,94K","-1,22%"
"23.10.2022","19.571,2","19.204,8","19.680,9","19.092,5","180,63K","1,91%"
"22.10.2022","19.204,8","19.162,6","19.249,9","19.116,1","118,24K","0,22%"
"21.10.2022","19.162,6","19.042,9","19.245,5","18.703,3","294,66K","0,63%"
"20.10.2022","19.042,9","19.125,1","19.334,5","18.935,6","253,20K","-0,42%"
"19.10.2022","19.123,9","19.328,2","19.358,6","19.101,2","209,28K","-1,06%"
"18.10.2022","19.328,2","19.548,4","19.692,9","19.102,8","290,07K","-1,13%"
"17.10.2022","19.548,2","19.262,2","19.663,5","19.163,6","248,40K","1,49%"
"16.10.2022","19.261,9","19.068,8","19.411,9","19.066,0","140,95K","1,01%"
"15.10.2022","19.068,7","19.181,7","19.218,7","19.000,8","123,66K","-0,59%"
"14.10.2022","19.181,8","19.379,8","19.933,9","19.098,6","400,45K","-1,02%"
"13.10.2022","19.379,8","19.154,6","19.494,4","18.207,9","455,13K","1,17%"
"12.10.2022","19.154,8","19.058,5","19.212,6","19.010,6","242,18K","0,50%"
"11.10.2022","19.059,1","19.134,3","19.261,3","18.868,7","288,57K","-0,39%"
"10.10.2022","19.134,6","19.441,7","19.520,7","19.057,0","243,77K","-1,58%"
"09.10.2022","19.441,0","19.416,3","19.552,1","19.329,6","127,53K","0,13%"
"08.10.2022","19.415,0","19.530,2","19.612,2","19.274,7","113,50K","-0,60%"
"07.10.2022","19.531,3","19.962,4","20.051,4","19.352,1","263,50K","-2,13%"
"06.10.2022","19.956,7","20.157,5","20.436,7","19.873,7","370,60K","-1,00%"
"05.10.2022","20.157,5","20.340,5","20.353,8","19.761,7","352,76K","-0,90%"
"04.10.2022","20.340,2","19.629,7","20.436,1","19.506,4","368,17K","3,63%"
"03.10.2022","19.628,3","19.057,6","19.676,0","19.001,3","333,03K","3,02%"
"02.10.2022","19.052,2","19.311,9","19.389,9","18.937,3","222,82K","-1,34%"
"01.10.2022","19.311,9","19.422,9","19.480,3","19.172,6","173,91K","-0,57%"
"30.09.2022","19.423,0","19.593,4","20.174,9","19.208,9","490,29K","-0,87%"
"29.09.2022","19.593,0","19.420,2","19.631,5","18.877,9","449,57K","0,94%"
"28.09.2022","19.411,0","19.083,4","19.757,8","18.505,3","581,19K","1,73%"
"27.09.2022","19.081,0","19.228,8","20.361,2","18.850,4","660,12K","-0,75%"
"26.09.2022","19.225,7","18.803,1","19.304,8","18.695,2","516,03K","2,25%"
"25.09.2022","18.803,2","18.925,1","19.125,1","18.659,6","209,71K","-0,64%"
"24.09.2022","18.925,2","19.288,4","19.310,6","18.812,0","258,50K","-1,91%"
"23.09.2022","19.293,5","19.404,1","19.477,3","18.554,8","431,15K","-0,57%"
"22.09.2022","19.404,0","18.488,1","19.490,9","18.371,0","448,63K","4,95%"
"21.09.2022","18.489,0","18.875,1","19.758,4","18.191,8","446,85K","-2,03%"
"20.09.2022","18.872,4","19.538,9","19.626,3","18.742,6","361,18K","-3,41%"
"19.09.2022","19.538,9","19.417,4","19.666,6","18.277,8","423,43K","0,62%"
"18.09.2022","19.418,8","20.113,9","20.113,9","19.347,7","273,11K","-3,45%"
"17.09.2022","20.113,5","19.802,8","20.178,6","19.761,0","204,58K","1,57%"
"16.09.2022","19.802,4","19.701,9","19.883,0","19.352,9","315,59K","0,51%"
"15.09.2022","19.701,7","20.222,3","20.321,4","19.532,3","358,42K","-2,58%"
"14.09.2022","20.222,5","20.175,5","20.503,7","19.654,2","374,22K","0,23%"
"13.09.2022","20.175,5","22.395,3","22.702,5","19.909,6","485,32K","-9,91%"
"12.09.2022","22.395,3","21.836,6","22.465,4","21.581,6","431,98K","2,57%"
"11.09.2022","21.834,9","21.650,4","21.836,4","21.363,0","297,12K","0,85%"
"10.09.2022","21.650,4","21.363,8","21.790,6","21.139,9","331,12K","1,33%"
"09.09.2022","21.365,2","19.318,8","21.545,7","19.294,1","480,37K","10,60%"
"08.09.2022","19.317,4","19.281,5","19.444,7","19.034,5","291,43K","0,19%"
"07.09.2022","19.281,5","18.786,3","19.445,9","18.548,4","319,10K","2,64%"
"06.09.2022","18.786,4","19.793,4","20.169,3","18.723,3","402,43K","-5,09%"
"05.09.2022","19.793,1","19.999,9","20.042,9","19.650,7","238,71K","-1,03%"
"04.09.2022","19.999,9","19.832,2","20.017,8","19.594,7","158,27K","0,85%"
"03.09.2022","19.831,4","19.952,8","20.043,8","19.660,7","157,85K","-0,61%"
"02.09.2022","19.952,7","20.131,6","20.428,2","19.764,7","272,22K","-0,86%"
"01.09.2022","20.126,1","20.049,9","20.202,7","19.584,4","275,08K","0,41%"
"31.08.2022","20.043,9","19.793,4","20.469,1","19.793,4","318,17K","1,27%"
"30.08.2022","19.792,6","20.295,6","20.558,2","19.559,7","308,41K","-2,48%"
"29.08.2022","20.295,8","19.551,3","20.394,5","19.551,2","248,04K","3,81%"
"28.08.2022","19.550,2","20.034,2","20.150,8","19.542,9","159,60K","-2,41%"
"27.08.2022","20.033,9","20.249,9","20.343,6","19.849,8","187,34K","-1,07%"
"26.08.2022","20.249,9","21.564,2","21.815,3","20.122,4","322,16K","-6,10%"
"25.08.2022","21.565,4","21.365,4","21.801,2","21.324,8","190,15K","0,94%"
"24.08.2022","21.365,2","21.516,2","21.832,3","21.171,1","202,40K","-0,71%"
"23.08.2022","21.517,2","21.416,5","21.661,0","20.919,6","228,65K","0,47%"
"22.08.2022","21.416,3","21.516,8","21.517,4","20.912,1","251,83K","-0,47%"
"21.08.2022","21.517,2","21.138,9","21.692,4","21.077,4","177,52K","1,79%"
"20.08.2022","21.138,9","20.830,7","21.357,4","20.784,8","206,94K","1,48%"
"19.08.2022","20.831,3","23.201,6","23.202,3","20.807,8","339,47K","-10,22%"
"18.08.2022","23.203,6","23.337,7","23.578,0","23.131,3","160,97K","-0,58%"
"17.08.2022","23.338,0","23.855,8","24.423,5","23.191,6","239,53K","-2,17%"
"16.08.2022","23.856,8","24.102,6","24.240,8","23.693,8","201,70K","-1,02%"
"15.08.2022","24.101,7","24.303,3","25.205,7","23.784,5","279,28K","-0,83%"
"14.08.2022","24.302,8","24.442,1","24.997,3","24.172,2","177,25K","-0,57%"
"13.08.2022","24.442,5","24.398,9","24.882,9","24.318,7","170,59K","0,18%"
"12.08.2022","24.398,7","23.935,3","24.440,8","23.616,4","194,96K","1,94%"
"11.08.2022","23.935,3","23.963,3","24.873,5","23.864,0","285,36K","-0,12%"
"10.08.2022","23.962,9","23.150,3","24.209,9","22.714,7","243,61K","3,53%"
"09.08.2022","23.146,7","23.818,1","23.912,0","22.886,5","169,62K","-2,81%"
"08.08.2022","23.816,3","23.175,3","24.234,1","23.160,6","197,94K","2,77%"
"07.08.2022","23.175,3","22.944,2","23.387,7","22.852,3","99,36K","1,01%"
"06.08.2022","22.944,2","23.308,2","23.344,4","22.923,6","94,44K","-1,56%"
"05.08.2022","23.308,2","22.613,3","23.447,6","22.593,5","208,90K","3,08%"
"04.08.2022","22.612,1","22.822,2","23.214,5","22.438,7","181,19K","-0,91%"
"03.08.2022","22.820,8","22.988,7","23.623,7","22.698,6","174,66K","-0,73%"
"02.08.2022","22.988,6","23.271,1","23.423,3","22.670,8","177,30K","-1,21%"
"01.08.2022","23.271,2","23.303,4","23.484,4","22.863,8","162,33K","-0,14%"
"31.07.2022","23.303,4","23.634,2","24.179,3","23.236,2","138,84K","-1,40%"
"30.07.2022","23.634,2","23.774,2","24.605,3","23.521,8","168,72K","-0,59%"
"29.07.2022","23.774,3","23.850,2","24.340,0","23.451,4","221,66K","-0,32%"
"28.07.2022","23.850,0","22.957,7","24.190,5","22.611,6","268,32K","3,88%"
"27.07.2022","22.958,3","21.248,0","23.027,8","21.047,5","242,66K","8,05%"
"26.07.2022","21.248,7","21.301,6","21.322,3","20.737,3","201,57K","-0,25%"
"25.07.2022","21.301,9","22.582,3","22.653,3","21.275,4","206,93K","-5,67%"
"24.07.2022","22.582,1","22.449,8","22.987,9","22.281,3","126,66K","0,54%"
"23.07.2022","22.460,4","22.683,6","22.991,0","21.971,7","137,42K","-0,95%"
"22.07.2022","22.675,2","23.150,0","23.741,4","22.524,2","197,54K","-2,06%"
"21.07.2022","23.153,0","23.219,9","23.403,8","22.360,2","217,08K","-0,27%"
"20.07.2022","23.215,2","23.412,0","24.258,0","22.944,4","281,31K","-0,83%"
"19.07.2022","23.410,2","22.529,3","23.757,3","21.581,8","308,91K","3,93%"
"18.07.2022","22.525,8","20.785,6","22.714,9","20.770,6","279,72K","8,37%"
"17.07.2022","20.785,6","21.209,8","21.654,4","20.755,2","132,81K","-2,00%"
"16.07.2022","21.209,9","20.825,2","21.561,3","20.484,4","136,89K","1,85%"
"15.07.2022","20.825,1","20.586,1","21.178,1","20.393,4","164,67K","1,16%"
"14.07.2022","20.586,0","20.250,0","20.862,2","19.664,9","205,28K","1,66%"
"13.07.2022","20.250,0","19.331,6","20.250,8","18.942,2","249,38K","4,75%"
"12.07.2022","19.330,9","19.963,2","20.051,7","19.279,6","167,91K","-3,17%"
"11.07.2022","19.963,2","20.847,2","20.855,0","19.897,0","160,20K","-4,24%"
"10.07.2022","20.847,4","21.587,4","21.599,2","20.689,7","204,68K","-3,43%"
"09.07.2022","21.587,5","21.610,4","21.944,1","21.338,4","190,11K","-0,11%"
"08.07.2022","21.611,2","21.637,1","22.482,1","21.207,0","439,90K","-0,12%"
"07.07.2022","21.637,8","20.557,9","21.817,8","20.282,7","115,81K","5,24%"
"06.07.2022","20.561,1","20.180,4","20.654,9","19.785,3","105,24K","1,78%"
"05.07.2022","20.200,6","20.215,8","20.706,9","19.315,4","122,43K","-0,08%"
"04.07.2022","20.215,8","19.310,6","20.303,8","19.052,5","92,79K","4,69%"
"03.07.2022","19.309,9","19.243,4","19.626,4","18.794,4","65,27K","0,35%"
"02.07.2022","19.243,2","19.275,4","19.425,4","19.006,4","58,57K","-0,10%"
"01.07.2022","19.262,9","19.926,6","20.785,6","18.980,1","150,18K","-3,33%"
"30.06.2022","19.926,6","20.111,3","20.155,1","18.682,7","127,73K","-0,92%"
"29.06.2022","20.111,3","20.278,0","20.415,8","19.880,7","98,97K","-0,82%"
"28.06.2022","20.278,0","20.727,9","21.200,2","20.210,5","83,83K","-2,18%"
"27.06.2022","20.730,2","21.037,7","21.497,5","20.568,0","84,69K","-1,49%"
"26.06.2022","21.043,5","21.489,9","21.837,4","20.989,7","67,21K","-2,08%"
"25.06.2022","21.489,9","21.226,9","21.553,4","20.917,5","66,63K","1,24%"
"24.06.2022","21.226,9","21.100,9","21.488,7","20.743,9","104,56K","0,60%"
"23.06.2022","21.100,7","19.967,3","21.189,8","19.907,5","110,70K","5,68%"
"22.06.2022","19.965,8","20.720,2","20.864,3","19.780,2","125,94K","-3,64%"
"21.06.2022","20.720,4","20.571,6","21.689,3","20.371,7","136,32K","0,72%"
"20.06.2022","20.572,3","20.576,9","20.996,8","19.658,8","140,60K","-0,02%"
"19.06.2022","20.577,2","18.983,4","20.763,5","17.983,7","169,39K","8,38%"
"18.06.2022","18.986,5","20.446,4","20.744,7","17.630,5","267,25K","-7,13%"
"17.06.2022","20.444,6","20.391,3","21.315,4","20.244,1","136,27K","0,28%"
"16.06.2022","20.386,6","22.577,9","22.942,1","20.231,1","144,00K","-9,71%"
"15.06.2022","22.577,9","22.137,5","22.754,4","20.125,8","280,41K","1,90%"
"14.06.2022","22.157,3","22.449,1","23.200,3","20.860,9","251,01K","-1,29%"
"13.06.2022","22.448,0","26.606,3","26.857,6","22.006,3","379,26K","-15,63%"
"12.06.2022","26.606,3","28.404,0","28.534,8","26.606,3","120,02K","-6,33%"
"11.06.2022","28.403,4","29.083,3","29.426,6","28.161,8","82,92K","-2,34%"
"10.06.2022","29.083,3","30.097,4","30.325,6","28.884,9","104,26K","-3,37%"
"09.06.2022","30.097,8","30.202,1","30.691,4","29.953,8","61,72K","-0,34%"
"08.06.2022","30.201,6","31.127,2","31.312,1","29.874,8","87,96K","-2,98%"
"07.06.2022","31.128,8","31.370,3","31.556,6","29.235,0","140,32K","-0,76%"
"06.06.2022","31.367,6","29.911,2","31.753,4","29.888,6","94,01K","4,86%"
"05.06.2022","29.913,0","29.865,1","30.166,9","29.539,0","30,33K","0,16%"
"04.06.2022","29.864,3","29.700,9","29.963,8","29.489,5","33,51K","0,55%"
"03.06.2022","29.700,9","30.455,7","30.674,8","29.330,8","72,13K","-2,48%"
"02.06.2022","30.455,5","29.798,6","30.638,5","29.604,4","81,40K","2,20%"
"01.06.2022","29.798,5","31.793,1","31.969,9","29.396,6","135,09K","-6,27%"
"31.05.2022","31.793,4","31.730,2","32.377,5","31.221,2","86,60K","0,22%"
"30.05.2022","31.723,3","29.465,2","32.185,6","29.307,2","129,56K","7,66%"
"29.05.2022","29.465,2","29.027,1","29.556,5","28.838,7","36,87K","1,51%"
"28.05.2022","29.027,1","28.620,1","29.194,4","28.537,2","43,87K","1,49%"
"27.05.2022","28.601,2","29.194,0","29.377,1","28.282,2","116,41K","-2,06%"
"26.05.2022","29.203,5","29.537,9","29.868,9","28.077,9","126,71K","-1,14%"
"25.05.2022","29.540,6","29.648,7","30.202,3","29.353,5","78,85K","-0,36%"
"24.05.2022","29.648,7","29.091,6","29.810,8","28.706,1","79,42K","1,91%"
"23.05.2022","29.093,3","30.287,3","30.644,8","28.913,6","92,10K","-3,94%"
"22.05.2022","30.286,6","29.433,0","30.462,0","29.260,1","50,60K","2,89%"
"21.05.2022","29.434,6","29.188,7","29.623,2","28.953,9","32,27K","0,88%"
"20.05.2022","29.178,6","30.305,9","30.735,1","28.738,5","98,78K","-3,72%"
"19.05.2022","30.305,9","28.700,4","30.525,1","28.682,1","101,38K","5,66%"
"18.05.2022","28.683,7","30.437,5","30.687,9","28.648,1","92,03K","-5,76%"
"17.05.2022","30.437,5","29.856,7","30.720,1","29.484,5","79,63K","1,97%"
"16.05.2022","29.849,0","31.308,3","31.312,4","29.135,8","100,25K","-4,66%"
"15.05.2022","31.308,7","30.078,6","31.383,8","29.499,4","65,44K","4,08%"
"14.05.2022","30.080,4","29.285,2","30.277,4","28.666,7","70,46K","2,72%"
"13.05.2022","29.284,4","28.994,3","31.002,7","28.755,0","141,23K","1,06%"
"12.05.2022","28.976,0","29.073,4","30.136,7","26.500,5","309,48K","-0,32%"
"11.05.2022","29.068,2","31.008,0","32.113,6","27.835,5","296,90K","-6,25%"
"10.05.2022","31.007,5","30.098,2","32.621,2","29.831,0","235,61K","3,03%"
"09.05.2022","30.095,0","34.041,0","34.227,0","30.095,0","268,09K","-11,64%"
"08.05.2022","34.060,0","35.468,0","35.497,0","33.727,0","671,05M","-3,97%"
"07.05.2022","35.468,0","36.003,0","36.119,0","34.773,0","288,86M","-1,50%"
"06.05.2022","36.009,0","36.540,0","36.646,0","35.267,0","752,84M","-1,46%"
"05.05.2022","36.544,0","39.686,0","39.833,0","36.183,0","1,04B","-7,92%"
"04.05.2022","39.688,0","37.717,0","40.021,0","37.660,0","691,49M","5,22%"
"03.05.2022","37.718,0","38.515,0","38.647,0","37.513,0","367,21M","-2,07%"
"02.05.2022","38.514,0","38.472,0","39.134,0","38.061,0","580,79M","0,14%"
"01.05.2022","38.461,0","37.642,0","38.676,0","37.397,0","276,99M","2,15%"
"30.04.2022","37.650,0","38.590,0","38.776,0","37.596,0","248,22M","-2,41%"
"29.04.2022","38.581,0","39.748,0","39.919,0","38.175,0","382,90M","-2,94%"
"28.04.2022","39.748,0","39.243,0","40.382,0","38.888,0","542,39M","1,29%"
"27.04.2022","39.243,0","38.113,0","39.447,0","37.869,0","426,83M","2,96%"
"26.04.2022","38.113,0","40.443,0","40.770,0","37.708,0","681,47M","-5,72%"
"25.04.2022","40.427,0","39.464,0","40.599,0","38.233,0","654,60M","2,44%"
"24.04.2022","39.464,0","39.434,0","39.929,0","39.033,0","283,63M","0,12%"
"23.04.2022","39.418,0","39.709,0","39.973,0","39.291,0","190,60M","-0,73%"
"22.04.2022","39.709,0","40.487,0","40.792,0","39.200,0","421,30M","-1,91%"
"21.04.2022","40.482,0","41.370,0","42.969,0","39.793,0","493,05M","-2,14%"
"20.04.2022","41.368,0","41.499,0","42.203,0","40.915,0","382,84M","-0,33%"
"19.04.2022","41.503,0","40.809,0","41.746,0","40.585,0","268,28M","1,72%"
"18.04.2022","40.803,0","39.700,0","41.095,0","38.577,0","484,26M","2,77%"
"17.04.2022","39.703,0","40.382,0","40.599,0","39.561,0","210,01M","-1,68%"
"16.04.2022","40.382,0","40.571,0","40.691,0","40.003,0","151,31M","-0,44%"
"15.04.2022","40.560,0","39.936,0","40.850,0","39.781,0","233,09M","1,56%"
"14.04.2022","39.936,0","41.133,0","41.494,0","39.585,0","294,29M","-2,91%"
"13.04.2022","41.133,0","40.072,0","41.515,0","39.581,0","406,70M","2,63%"
"12.04.2022","40.078,0","39.507,0","40.678,0","39.265,0","468,27M","1,47%"
"11.04.2022","39.497,0","42.144,0","42.418,0","39.202,0","608,38M","-6,27%"
"10.04.2022","42.138,0","42.760,0","43.421,0","41.884,0","255,83M","-1,47%"
"09.04.2022","42.767,0","42.275,0","42.809,0","42.129,0","165,16M","1,16%"
"08.04.2022","42.275,0","43.450,0","43.979,0","42.113,0","467,83M","-2,70%"
"07.04.2022","43.448,0","43.166,0","43.893,0","42.747,0","390,85M","0,64%"
"06.04.2022","43.173,0","45.494,0","45.519,0","43.122,0","649,52M","-5,13%"
"05.04.2022","45.506,0","46.614,0","47.201,0","45.388,0","421,11M","-2,41%"
"04.04.2022","46.629,0","46.407,0","46.899,0","45.152,0","446,12M","0,48%"
"03.04.2022","46.407,0","45.813,0","47.435,0","45.554,0","398,86M","1,30%"
"02.04.2022","45.811,0","46.299,0","47.212,0","45.641,0","345,93M","-1,05%"
"01.04.2022","46.297,0","45.529,0","46.728,0","44.261,0","632,93M","1,70%"
"31.03.2022","45.525,0","47.071,0","47.624,0","45.228,0","520,00M","-3,29%"
"30.03.2022","47.075,0","47.449,0","47.714,0","46.601,0","467,76M","-0,79%"
"29.03.2022","47.449,0","47.126,0","48.127,0","47.029,0","478,82M","0,73%"
"28.03.2022","47.105,0","46.859,0","48.199,0","46.672,0","610,27M","0,52%"
"27.03.2022","46.859,0","44.542,0","46.947,0","44.445,0","388,79M","5,19%"
"26.03.2022","44.548,0","44.331,0","44.818,0","44.090,0","196,30M","0,49%"
"25.03.2022","44.331,0","44.013,0","45.112,0","43.622,0","494,09M","0,72%"
"24.03.2022","44.013,0","42.911,0","44.251,0","42.658,0","491,66M","2,57%"
"23.03.2022","42.912,0","42.373,0","43.027,0","41.795,0","433,96M","1,27%"
"22.03.2022","42.373,0","41.022,0","43.327,9","40.893,0","537,06M","3,29%"
"21.03.2022","41.022,0","41.282,0","41.532,0","40.530,0","406,62M","-0,62%"
"20.03.2022","41.276,0","42.241,0","42.301,0","40.922,0","308,45M","-2,27%"
"19.03.2022","42.233,0","41.768,0","42.386,0","41.529,6","224,59M","1,11%"
"18.03.2022","41.767,8","40.914,6","42.308,4","40.234,8","2,31B","2,08%"
"17.03.2022","40.914,8","41.118,7","41.406,0","40.557,8","1,90B","-0,50%"
"16.03.2022","41.118,7","39.282,5","41.701,6","38.953,2","4,47B","4,67%"
"15.03.2022","39.285,7","39.673,0","39.854,7","38.220,9","2,25B","-0,97%"
"14.03.2022","39.671,1","37.789,5","39.914,3","37.613,6","2,33B","4,97%"
"13.03.2022","37.792,4","38.813,2","39.272,3","37.603,4","1,55B","-2,63%"
"12.03.2022","38.814,3","38.730,2","39.355,3","38.666,5","1,11B","0,22%"
"11.03.2022","38.730,2","39.422,5","40.177,0","38.236,4","2,79B","-1,74%"
"10.03.2022","39.416,3","41.933,9","42.029,1","38.603,5","3,62B","-5,99%"
"09.03.2022","41.929,0","38.731,5","42.538,5","38.663,3","3,60B","8,22%"
"08.03.2022","38.744,8","38.020,6","39.351,5","37.886,6","2,67B","1,89%"
"07.03.2022","38.024,8","38.420,6","39.532,0","37.182,1","3,02B","-0,99%"
"06.03.2022","38.403,1","39.396,3","39.668,1","38.115,0","1,93B","-2,52%"
"05.03.2022","39.395,8","39.142,8","39.600,2","38.626,1","1,50B","0,65%"
"04.03.2022","39.142,7","42.463,0","42.848,7","38.594,9","3,21B","-7,82%"
"03.03.2022","42.463,0","43.912,8","44.077,2","41.840,8","74,11K","-3,30%"
"02.03.2022","43.912,8","44.420,3","45.294,2","43.361,3","80,82K","-1,14%"
"01.03.2022","44.420,3","43.187,2","44.900,5","42.876,6","90,67K","2,85%"